INFO:     Started server process [3172]
INFO:     Waiting for application startup.
2025-09-20 21:19:17,976 - app.main - INFO - Starting APS智慧排产系统 v1.0.0
2025-09-20 21:19:17,976 - app.main - INFO - ✅ Configuration validation passed
2025-09-20 21:19:18,256 - app.db.connection - INFO - Database connection healthy
2025-09-20 21:19:18,301 - app.main - INFO - ✅ Database connection established
2025-09-20 21:19:18,385 - app.db.cache - INFO - Redis connection healthy
2025-09-20 21:19:18,386 - app.main - INFO - ✅ Redis connection established
INFO:     Application startup complete.
INFO:     Uvicorn running on http://0.0.0.0:8810 (Press CTRL+C to quit)
INFO:     127.0.0.1:50350 - "POST /api/v1/monthly-scheduling/execute HTTP/1.1" 200 OK
2025-09-20 21:20:49,630 - root - INFO - 🚀 使用完整算法引擎执行月度排产: 批次=MONTHLY_20250919_200606_AE17
2025-09-20 21:20:50,009 - app.algorithms.monthly_scheduling.monthly_scheduling_engine - INFO - 算法执行环境初始化完成: 任务ID MONTHLY_TASK_20250920_212048_86C9C4F3
2025-09-20 21:20:50,009 - app.algorithms.monthly_scheduling.monthly_scheduling_engine - INFO - [0.0%] PHASE_1_DATA_LOADING: 算法初始化完成
2025-09-20 21:20:50,203 - app.algorithms.monthly_scheduling.monthly_scheduling_engine - INFO - 开始执行月度排产算法: 批次 MONTHLY_20250919_200606_AE17, 任务 MONTHLY_TASK_20250920_212048_86C9C4F3
2025-09-20 21:20:50,203 - app.algorithms.monthly_scheduling.monthly_scheduling_engine - INFO - === Phase 1: 数据加载阶段 ===
2025-09-20 21:20:50,204 - app.algorithms.monthly_scheduling.monthly_scheduling_engine - INFO - [0.0%] PHASE_1_DATA_LOADING: 开始数据加载
2025-09-20 21:20:50,395 - app.algorithms.monthly_scheduling.database_loader - INFO - 开始加载月度批次数据: MONTHLY_20250919_200606_AE17
2025-09-20 21:20:50,545 - app.algorithms.monthly_scheduling.database_loader - INFO - 加载月度计划: 26 条记录
2025-09-20 21:20:50,575 - app.algorithms.monthly_scheduling.database_loader - INFO - 加载机台信息: 卷包机 35 台, 喂丝机 32 台
2025-09-20 21:20:50,603 - app.algorithms.monthly_scheduling.database_loader - INFO - 加载速度配置: 特定配置 0 项, 通配符配置 22 项
2025-09-20 21:20:50,631 - app.algorithms.monthly_scheduling.database_loader - INFO - 加载机台关系: 35 对关系
2025-09-20 21:20:50,658 - app.algorithms.monthly_scheduling.database_loader - INFO - 加载班次配置: 2 个班次
2025-09-20 21:20:50,689 - app.algorithms.monthly_scheduling.database_loader - INFO - 加载工作日历: 2019年7月
2025-09-20 21:20:50,716 - app.algorithms.monthly_scheduling.database_loader - WARNING - 维护计划表为空，算法将忽略维护约束
2025-09-20 21:20:50,716 - app.algorithms.monthly_scheduling.database_loader - INFO - 加载维护计划: 0 个计划
2025-09-20 21:20:50,716 - app.algorithms.monthly_scheduling.database_loader - INFO - 数据完整性验证通过
2025-09-20 21:20:50,716 - app.algorithms.monthly_scheduling.database_loader - INFO - 所有数据加载完成
2025-09-20 21:20:50,716 - app.algorithms.monthly_scheduling.monthly_scheduling_engine - INFO - Phase 1 完成: 加载月度计划 26 个, 卷包机 35 台, 喂丝机 32 台
2025-09-20 21:20:50,717 - app.algorithms.monthly_scheduling.monthly_scheduling_engine - INFO - [16.7%] PHASE_1_DATA_LOADING: 数据加载完成
2025-09-20 21:20:50,790 - app.algorithms.monthly_scheduling.monthly_scheduling_engine - INFO - === Phase 2: 时间窗口计算阶段 ===
2025-09-20 21:20:50,790 - app.algorithms.monthly_scheduling.monthly_scheduling_engine - INFO - [16.7%] PHASE_2_TIME_WINDOWS: 开始时间窗口计算
2025-09-20 21:20:50,980 - app.algorithms.monthly_scheduling.time_window_calculator - INFO - 开始计算机台可用时间窗口
2025-09-20 21:20:50,980 - app.algorithms.monthly_scheduling.time_window_calculator - INFO - 生成基础时间窗口: 40 个时间段
2025-09-20 21:20:50,983 - app.algorithms.monthly_scheduling.time_window_calculator - INFO - 动态计算期望总时长: 20天 × 17.33小时/天 = 346.67小时
2025-09-20 21:20:50,984 - app.algorithms.monthly_scheduling.time_window_calculator - INFO - 时间窗口完整性验证通过
2025-09-20 21:20:50,984 - app.algorithms.monthly_scheduling.time_window_calculator - INFO - 完成时间窗口计算: 35 台机台
2025-09-20 21:20:50,984 - app.algorithms.monthly_scheduling.monthly_scheduling_engine - INFO - Phase 2 完成: 生成 35 台机台的时间窗口, 总计 700 个时间段, 12133.3 小时
2025-09-20 21:20:50,984 - app.algorithms.monthly_scheduling.monthly_scheduling_engine - INFO - [33.3%] PHASE_2_TIME_WINDOWS: 时间窗口计算完成
2025-09-20 21:20:51,177 - app.algorithms.monthly_scheduling.monthly_scheduling_engine - INFO - === Phase 3: 产能计算阶段 ===
2025-09-20 21:20:51,177 - app.algorithms.monthly_scheduling.monthly_scheduling_engine - INFO - [33.3%] PHASE_3_CAPACITY_CALC: 开始产能计算
2025-09-20 21:20:51,366 - app.algorithms.monthly_scheduling.capacity_calculator - INFO - 开始计算卷包机产能矩阵
2025-09-20 21:20:51,371 - app.algorithms.monthly_scheduling.capacity_calculator - INFO - 完成产能计算: 910 个机台-产品组合
2025-09-20 21:20:51,371 - app.algorithms.monthly_scheduling.capacity_calculator - INFO - 验证产能约束
2025-09-20 21:20:51,372 - app.algorithms.monthly_scheduling.capacity_calculator - INFO - 产能约束验证完成: 可生产产品 18/26
2025-09-20 21:20:51,373 - app.algorithms.monthly_scheduling.monthly_scheduling_engine - INFO - Phase 3 完成: 计算 910 个机台-产品组合, 可行组合 630 个 (69.2%)
2025-09-20 21:20:51,373 - app.algorithms.monthly_scheduling.monthly_scheduling_engine - INFO - [50.0%] PHASE_3_CAPACITY_CALC: 产能计算完成
2025-09-20 21:20:51,560 - app.algorithms.monthly_scheduling.monthly_scheduling_engine - INFO - === Phase 4: 调度优化阶段 ===
2025-09-20 21:20:51,560 - app.algorithms.monthly_scheduling.monthly_scheduling_engine - INFO - [50.0%] PHASE_4_OPTIMIZATION: 开始调度优化
2025-09-20 21:20:51,744 - app.algorithms.monthly_scheduling.scheduling_optimizer - INFO - 开始执行调度优化算法
2025-09-20 21:20:51,747 - app.algorithms.monthly_scheduling.scheduling_optimizer - INFO - 产品优先级排序完成: 26 个产品
2025-09-20 21:20:51,747 - app.algorithms.monthly_scheduling.scheduling_optimizer - WARNING - 产品 利群(软长嘴) 没有可用机台
2025-09-20 21:20:51,747 - app.algorithms.monthly_scheduling.scheduling_optimizer - WARNING - 产品 利群(软长嘴) 初次调度失败，加入重试队列
2025-09-20 21:20:51,747 - app.algorithms.monthly_scheduling.scheduling_optimizer - WARNING - 产品 利群（蓝天） 没有可用机台
2025-09-20 21:20:51,747 - app.algorithms.monthly_scheduling.scheduling_optimizer - WARNING - 产品 利群（蓝天） 初次调度失败，加入重试队列
2025-09-20 21:20:51,748 - app.algorithms.monthly_scheduling.scheduling_optimizer - WARNING - 产品 利群（新版） 没有可用机台
2025-09-20 21:20:51,748 - app.algorithms.monthly_scheduling.scheduling_optimizer - WARNING - 产品 利群（新版） 初次调度失败，加入重试队列
2025-09-20 21:20:51,748 - app.algorithms.monthly_scheduling.scheduling_optimizer - WARNING - 产品 利群(软红长嘴) 没有可用机台
2025-09-20 21:20:51,748 - app.algorithms.monthly_scheduling.scheduling_optimizer - WARNING - 产品 利群(软红长嘴) 初次调度失败，加入重试队列
2025-09-20 21:20:51,748 - app.algorithms.monthly_scheduling.scheduling_optimizer - WARNING - 产品 利群(长嘴) 没有可用机台
2025-09-20 21:20:51,748 - app.algorithms.monthly_scheduling.scheduling_optimizer - WARNING - 产品 利群(长嘴) 初次调度失败，加入重试队列
2025-09-20 21:20:51,748 - app.algorithms.monthly_scheduling.scheduling_optimizer - WARNING - 产品 雄狮(红老版) 没有可用机台
2025-09-20 21:20:51,748 - app.algorithms.monthly_scheduling.scheduling_optimizer - WARNING - 产品 雄狮(红老版) 初次调度失败，加入重试队列
2025-09-20 21:20:51,748 - app.algorithms.monthly_scheduling.scheduling_optimizer - WARNING - 产品 利群(阳光) 没有可用机台
2025-09-20 21:20:51,748 - app.algorithms.monthly_scheduling.scheduling_optimizer - WARNING - 产品 利群(阳光) 初次调度失败，加入重试队列
2025-09-20 21:20:51,748 - app.algorithms.monthly_scheduling.scheduling_optimizer - WARNING - 产品 利群(西子阳光) 没有可用机台
2025-09-20 21:20:51,748 - app.algorithms.monthly_scheduling.scheduling_optimizer - WARNING - 产品 利群(西子阳光) 初次调度失败，加入重试队列
2025-09-20 21:20:51,749 - app.algorithms.monthly_scheduling.scheduling_optimizer - INFO - 产品 利群（夜西湖） 需要 237.50小时，启用拆分调度
2025-09-20 21:20:51,749 - app.algorithms.monthly_scheduling.scheduling_optimizer - INFO - 开始大批量产品拆分调度: 利群（夜西湖）, 目标 1900 箱
2025-09-20 21:20:51,749 - app.algorithms.monthly_scheduling.scheduling_optimizer - INFO - ✅ 在机台 A1 分配 136 箱 (17.00小时)
2025-09-20 21:20:51,749 - app.algorithms.monthly_scheduling.scheduling_optimizer - INFO - ✅ 在机台 A2 分配 136 箱 (17.00小时)
2025-09-20 21:20:51,749 - app.algorithms.monthly_scheduling.scheduling_optimizer - INFO - ✅ 在机台 A3 分配 136 箱 (17.00小时)
2025-09-20 21:20:51,750 - app.algorithms.monthly_scheduling.scheduling_optimizer - INFO - ✅ 在机台 A4 分配 136 箱 (17.00小时)
2025-09-20 21:20:51,750 - app.algorithms.monthly_scheduling.scheduling_optimizer - INFO - ✅ 在机台 A5 分配 136 箱 (17.00小时)
2025-09-20 21:20:51,750 - app.algorithms.monthly_scheduling.scheduling_optimizer - INFO - ✅ 在机台 A6 分配 136 箱 (17.00小时)
2025-09-20 21:20:51,750 - app.algorithms.monthly_scheduling.scheduling_optimizer - INFO - ✅ 在机台 A7 分配 136 箱 (17.00小时)
2025-09-20 21:20:51,750 - app.algorithms.monthly_scheduling.scheduling_optimizer - INFO - ✅ 在机台 A8 分配 136 箱 (17.00小时)
2025-09-20 21:20:51,750 - app.algorithms.monthly_scheduling.scheduling_optimizer - INFO - ✅ 在机台 A9 分配 136 箱 (17.00小时)
2025-09-20 21:20:51,751 - app.algorithms.monthly_scheduling.scheduling_optimizer - INFO - ✅ 在机台 B1 分配 136 箱 (17.00小时)
2025-09-20 21:20:51,751 - app.algorithms.monthly_scheduling.scheduling_optimizer - INFO - ✅ 在机台 B2 分配 136 箱 (17.00小时)
2025-09-20 21:20:51,751 - app.algorithms.monthly_scheduling.scheduling_optimizer - INFO - ✅ 在机台 B3 分配 136 箱 (17.00小时)
2025-09-20 21:20:51,751 - app.algorithms.monthly_scheduling.scheduling_optimizer - INFO - ✅ 在机台 B4 分配 136 箱 (17.00小时)
2025-09-20 21:20:51,751 - app.algorithms.monthly_scheduling.scheduling_optimizer - INFO - ✅ 在机台 B5 分配 132 箱 (16.50小时)
2025-09-20 21:20:51,751 - app.algorithms.monthly_scheduling.scheduling_optimizer - INFO - 产品 利群（西湖恋） 需要 212.50小时，启用拆分调度
2025-09-20 21:20:51,751 - app.algorithms.monthly_scheduling.scheduling_optimizer - INFO - 开始大批量产品拆分调度: 利群（西湖恋）, 目标 1700 箱
2025-09-20 21:20:51,752 - app.algorithms.monthly_scheduling.scheduling_optimizer - INFO - ✅ 在机台 A1 分配 136 箱 (17.00小时)
2025-09-20 21:20:51,752 - app.algorithms.monthly_scheduling.scheduling_optimizer - INFO - ✅ 在机台 A2 分配 136 箱 (17.00小时)
2025-09-20 21:20:51,752 - app.algorithms.monthly_scheduling.scheduling_optimizer - INFO - ✅ 在机台 A3 分配 136 箱 (17.00小时)
2025-09-20 21:20:51,752 - app.algorithms.monthly_scheduling.scheduling_optimizer - INFO - ✅ 在机台 A4 分配 136 箱 (17.00小时)
2025-09-20 21:20:51,752 - app.algorithms.monthly_scheduling.scheduling_optimizer - INFO - ✅ 在机台 A5 分配 136 箱 (17.00小时)
2025-09-20 21:20:51,752 - app.algorithms.monthly_scheduling.scheduling_optimizer - INFO - ✅ 在机台 A6 分配 136 箱 (17.00小时)
2025-09-20 21:20:51,753 - app.algorithms.monthly_scheduling.scheduling_optimizer - INFO - ✅ 在机台 A7 分配 136 箱 (17.00小时)
2025-09-20 21:20:51,753 - app.algorithms.monthly_scheduling.scheduling_optimizer - INFO - ✅ 在机台 A8 分配 136 箱 (17.00小时)
2025-09-20 21:20:51,753 - app.algorithms.monthly_scheduling.scheduling_optimizer - INFO - ✅ 在机台 A9 分配 136 箱 (17.00小时)
2025-09-20 21:20:51,753 - app.algorithms.monthly_scheduling.scheduling_optimizer - INFO - ✅ 在机台 B1 分配 136 箱 (17.00小时)
2025-09-20 21:20:51,753 - app.algorithms.monthly_scheduling.scheduling_optimizer - INFO - ✅ 在机台 B2 分配 136 箱 (17.00小时)
2025-09-20 21:20:51,753 - app.algorithms.monthly_scheduling.scheduling_optimizer - INFO - ✅ 在机台 B3 分配 136 箱 (17.00小时)
2025-09-20 21:20:51,754 - app.algorithms.monthly_scheduling.scheduling_optimizer - INFO - ✅ 在机台 B4 分配 68 箱 (8.50小时)
2025-09-20 21:20:51,754 - app.algorithms.monthly_scheduling.scheduling_optimizer - INFO - 产品 利群（江南韵） 需要 187.50小时，启用拆分调度
2025-09-20 21:20:51,754 - app.algorithms.monthly_scheduling.scheduling_optimizer - INFO - 开始大批量产品拆分调度: 利群（江南韵）, 目标 1500 箱
2025-09-20 21:20:51,754 - app.algorithms.monthly_scheduling.scheduling_optimizer - INFO - ✅ 在机台 A1 分配 136 箱 (17.00小时)
2025-09-20 21:20:51,754 - app.algorithms.monthly_scheduling.scheduling_optimizer - INFO - ✅ 在机台 A2 分配 136 箱 (17.00小时)
2025-09-20 21:20:51,754 - app.algorithms.monthly_scheduling.scheduling_optimizer - INFO - ✅ 在机台 A3 分配 136 箱 (17.00小时)
2025-09-20 21:20:51,754 - app.algorithms.monthly_scheduling.scheduling_optimizer - INFO - ✅ 在机台 A4 分配 136 箱 (17.00小时)
2025-09-20 21:20:51,754 - app.algorithms.monthly_scheduling.scheduling_optimizer - INFO - ✅ 在机台 A5 分配 136 箱 (17.00小时)
2025-09-20 21:20:51,755 - app.algorithms.monthly_scheduling.scheduling_optimizer - INFO - ✅ 在机台 A6 分配 136 箱 (17.00小时)
2025-09-20 21:20:51,755 - app.algorithms.monthly_scheduling.scheduling_optimizer - INFO - ✅ 在机台 A7 分配 136 箱 (17.00小时)
2025-09-20 21:20:51,755 - app.algorithms.monthly_scheduling.scheduling_optimizer - INFO - ✅ 在机台 A8 分配 136 箱 (17.00小时)
2025-09-20 21:20:51,755 - app.algorithms.monthly_scheduling.scheduling_optimizer - INFO - ✅ 在机台 A9 分配 136 箱 (17.00小时)
2025-09-20 21:20:51,755 - app.algorithms.monthly_scheduling.scheduling_optimizer - INFO - ✅ 在机台 B1 分配 136 箱 (17.00小时)
2025-09-20 21:20:51,755 - app.algorithms.monthly_scheduling.scheduling_optimizer - INFO - ✅ 在机台 B2 分配 136 箱 (17.00小时)
2025-09-20 21:20:51,756 - app.algorithms.monthly_scheduling.scheduling_optimizer - INFO - ✅ 在机台 B3 分配 4 箱 (0.50小时)
2025-09-20 21:20:51,756 - app.algorithms.monthly_scheduling.scheduling_optimizer - INFO - 产品 利群（阳光橙中支） 需要 150.00小时，启用拆分调度
2025-09-20 21:20:51,756 - app.algorithms.monthly_scheduling.scheduling_optimizer - INFO - 开始大批量产品拆分调度: 利群（阳光橙中支）, 目标 1200 箱
2025-09-20 21:20:51,756 - app.algorithms.monthly_scheduling.scheduling_optimizer - INFO - ✅ 在机台 A1 分配 136 箱 (17.00小时)
2025-09-20 21:20:51,756 - app.algorithms.monthly_scheduling.scheduling_optimizer - INFO - ✅ 在机台 A2 分配 136 箱 (17.00小时)
2025-09-20 21:20:51,756 - app.algorithms.monthly_scheduling.scheduling_optimizer - INFO - ✅ 在机台 A3 分配 136 箱 (17.00小时)
2025-09-20 21:20:51,756 - app.algorithms.monthly_scheduling.scheduling_optimizer - INFO - ✅ 在机台 A4 分配 136 箱 (17.00小时)
2025-09-20 21:20:51,757 - app.algorithms.monthly_scheduling.scheduling_optimizer - INFO - ✅ 在机台 A5 分配 136 箱 (17.00小时)
2025-09-20 21:20:51,757 - app.algorithms.monthly_scheduling.scheduling_optimizer - INFO - ✅ 在机台 A6 分配 136 箱 (17.00小时)
2025-09-20 21:20:51,757 - app.algorithms.monthly_scheduling.scheduling_optimizer - INFO - ✅ 在机台 A7 分配 136 箱 (17.00小时)
2025-09-20 21:20:51,757 - app.algorithms.monthly_scheduling.scheduling_optimizer - INFO - ✅ 在机台 A8 分配 136 箱 (17.00小时)
2025-09-20 21:20:51,757 - app.algorithms.monthly_scheduling.scheduling_optimizer - INFO - ✅ 在机台 A9 分配 112 箱 (14.00小时)
2025-09-20 21:20:51,757 - app.algorithms.monthly_scheduling.scheduling_optimizer - INFO - 产品 雄狮(红) 需要 150.00小时，启用拆分调度
2025-09-20 21:20:51,757 - app.algorithms.monthly_scheduling.scheduling_optimizer - INFO - 开始大批量产品拆分调度: 雄狮(红), 目标 1200 箱
2025-09-20 21:20:51,757 - app.algorithms.monthly_scheduling.scheduling_optimizer - INFO - ✅ 在机台 A1 分配 136 箱 (17.00小时)
2025-09-20 21:20:51,758 - app.algorithms.monthly_scheduling.scheduling_optimizer - INFO - ✅ 在机台 A2 分配 136 箱 (17.00小时)
2025-09-20 21:20:51,758 - app.algorithms.monthly_scheduling.scheduling_optimizer - INFO - ✅ 在机台 A3 分配 136 箱 (17.00小时)
2025-09-20 21:20:51,758 - app.algorithms.monthly_scheduling.scheduling_optimizer - INFO - ✅ 在机台 A4 分配 136 箱 (17.00小时)
2025-09-20 21:20:51,758 - app.algorithms.monthly_scheduling.scheduling_optimizer - INFO - ✅ 在机台 A5 分配 136 箱 (17.00小时)
2025-09-20 21:20:51,758 - app.algorithms.monthly_scheduling.scheduling_optimizer - INFO - ✅ 在机台 A6 分配 136 箱 (17.00小时)
2025-09-20 21:20:51,758 - app.algorithms.monthly_scheduling.scheduling_optimizer - INFO - ✅ 在机台 A7 分配 136 箱 (17.00小时)
2025-09-20 21:20:51,759 - app.algorithms.monthly_scheduling.scheduling_optimizer - INFO - ✅ 在机台 A8 分配 136 箱 (17.00小时)
2025-09-20 21:20:51,759 - app.algorithms.monthly_scheduling.scheduling_optimizer - INFO - ✅ 在机台 A9 分配 112 箱 (14.00小时)
2025-09-20 21:20:51,759 - app.algorithms.monthly_scheduling.scheduling_optimizer - INFO - 产品 利群(新二代) 需要 122.50小时，启用拆分调度
2025-09-20 21:20:51,759 - app.algorithms.monthly_scheduling.scheduling_optimizer - INFO - 开始大批量产品拆分调度: 利群(新二代), 目标 980 箱
2025-09-20 21:20:51,759 - app.algorithms.monthly_scheduling.scheduling_optimizer - INFO - ✅ 在机台 A1 分配 136 箱 (17.00小时)
2025-09-20 21:20:51,759 - app.algorithms.monthly_scheduling.scheduling_optimizer - INFO - ✅ 在机台 A2 分配 136 箱 (17.00小时)
2025-09-20 21:20:51,759 - app.algorithms.monthly_scheduling.scheduling_optimizer - INFO - ✅ 在机台 A3 分配 136 箱 (17.00小时)
2025-09-20 21:20:51,760 - app.algorithms.monthly_scheduling.scheduling_optimizer - INFO - ✅ 在机台 A4 分配 136 箱 (17.00小时)
2025-09-20 21:20:51,760 - app.algorithms.monthly_scheduling.scheduling_optimizer - INFO - ✅ 在机台 A5 分配 136 箱 (17.00小时)
2025-09-20 21:20:51,760 - app.algorithms.monthly_scheduling.scheduling_optimizer - INFO - ✅ 在机台 A6 分配 136 箱 (17.00小时)
2025-09-20 21:20:51,760 - app.algorithms.monthly_scheduling.scheduling_optimizer - INFO - ✅ 在机台 A7 分配 136 箱 (17.00小时)
2025-09-20 21:20:51,760 - app.algorithms.monthly_scheduling.scheduling_optimizer - INFO - ✅ 在机台 A8 分配 28 箱 (3.50小时)
2025-09-20 21:20:51,760 - app.algorithms.monthly_scheduling.scheduling_optimizer - INFO - 产品 利群(软红长嘴硬化) 需要 62.50小时，启用拆分调度
2025-09-20 21:20:51,760 - app.algorithms.monthly_scheduling.scheduling_optimizer - INFO - 开始大批量产品拆分调度: 利群(软红长嘴硬化), 目标 500 箱
2025-09-20 21:20:51,761 - app.algorithms.monthly_scheduling.scheduling_optimizer - INFO - ✅ 在机台 A1 分配 136 箱 (17.00小时)
2025-09-20 21:20:51,761 - app.algorithms.monthly_scheduling.scheduling_optimizer - INFO - ✅ 在机台 A2 分配 136 箱 (17.00小时)
2025-09-20 21:20:51,761 - app.algorithms.monthly_scheduling.scheduling_optimizer - INFO - ✅ 在机台 A3 分配 136 箱 (17.00小时)
2025-09-20 21:20:51,761 - app.algorithms.monthly_scheduling.scheduling_optimizer - INFO - ✅ 在机台 A4 分配 92 箱 (11.50小时)
2025-09-20 21:20:51,761 - app.algorithms.monthly_scheduling.scheduling_optimizer - INFO - 产品 利群(软金色阳光) 需要 52.50小时，启用拆分调度
2025-09-20 21:20:51,761 - app.algorithms.monthly_scheduling.scheduling_optimizer - INFO - 开始大批量产品拆分调度: 利群(软金色阳光), 目标 420 箱
2025-09-20 21:20:51,761 - app.algorithms.monthly_scheduling.scheduling_optimizer - INFO - ✅ 在机台 A1 分配 136 箱 (17.00小时)
2025-09-20 21:20:51,762 - app.algorithms.monthly_scheduling.scheduling_optimizer - INFO - ✅ 在机台 A2 分配 136 箱 (17.00小时)
2025-09-20 21:20:51,762 - app.algorithms.monthly_scheduling.scheduling_optimizer - INFO - ✅ 在机台 A3 分配 136 箱 (17.00小时)
2025-09-20 21:20:51,762 - app.algorithms.monthly_scheduling.scheduling_optimizer - INFO - ✅ 在机台 A4 分配 12 箱 (1.50小时)
2025-09-20 21:20:51,762 - app.algorithms.monthly_scheduling.scheduling_optimizer - INFO - 产品 利群（红利) 需要 43.75小时，启用拆分调度
2025-09-20 21:20:51,762 - app.algorithms.monthly_scheduling.scheduling_optimizer - INFO - 开始大批量产品拆分调度: 利群（红利), 目标 350 箱
2025-09-20 21:20:51,762 - app.algorithms.monthly_scheduling.scheduling_optimizer - INFO - ✅ 在机台 A1 分配 136 箱 (17.00小时)
2025-09-20 21:20:51,762 - app.algorithms.monthly_scheduling.scheduling_optimizer - INFO - ✅ 在机台 A2 分配 136 箱 (17.00小时)
2025-09-20 21:20:51,763 - app.algorithms.monthly_scheduling.scheduling_optimizer - INFO - ✅ 在机台 A3 分配 78 箱 (9.75小时)
2025-09-20 21:20:51,763 - app.algorithms.monthly_scheduling.scheduling_optimizer - INFO - 产品 利群(休闲云端） 需要 36.25小时，启用拆分调度
2025-09-20 21:20:51,763 - app.algorithms.monthly_scheduling.scheduling_optimizer - INFO - 开始大批量产品拆分调度: 利群(休闲云端）, 目标 290 箱
2025-09-20 21:20:51,763 - app.algorithms.monthly_scheduling.scheduling_optimizer - INFO - ✅ 在机台 A1 分配 136 箱 (17.00小时)
2025-09-20 21:20:51,763 - app.algorithms.monthly_scheduling.scheduling_optimizer - INFO - ✅ 在机台 A2 分配 136 箱 (17.00小时)
2025-09-20 21:20:51,763 - app.algorithms.monthly_scheduling.scheduling_optimizer - INFO - ✅ 在机台 A3 分配 18 箱 (2.25小时)
2025-09-20 21:20:51,764 - app.algorithms.monthly_scheduling.scheduling_optimizer - INFO - ✅ 成功调度产品 利群(软长嘴国际版) 到机台 A1
2025-09-20 21:20:51,764 - app.algorithms.monthly_scheduling.scheduling_optimizer - INFO - ✅ 成功调度产品 利群（阳光国际版） 到机台 A2
2025-09-20 21:20:51,764 - app.algorithms.monthly_scheduling.scheduling_optimizer - INFO - ✅ 成功调度产品 利群（阳光菲律宾） 到机台 A3
2025-09-20 21:20:51,764 - app.algorithms.monthly_scheduling.scheduling_optimizer - INFO - ✅ 成功调度产品 利群（阳光HK） 到机台 A4
2025-09-20 21:20:51,765 - app.algorithms.monthly_scheduling.scheduling_optimizer - INFO - ✅ 成功调度产品 利群（阳光台湾） 到机台 A5
2025-09-20 21:20:51,765 - app.algorithms.monthly_scheduling.scheduling_optimizer - INFO - ✅ 成功调度产品 利群（阳光澳门免税） 到机台 A6
2025-09-20 21:20:51,765 - app.algorithms.monthly_scheduling.scheduling_optimizer - INFO - ✅ 成功调度产品 利群（阳光马来西亚） 到机台 A7
2025-09-20 21:20:51,765 - app.algorithms.monthly_scheduling.scheduling_optimizer - INFO - ✅ 成功调度产品 利群(软长嘴英文) 到机台 A8
2025-09-20 21:20:51,765 - app.algorithms.monthly_scheduling.scheduling_optimizer - INFO - 开始重试调度: 8 个产品
2025-09-20 21:20:51,766 - app.algorithms.monthly_scheduling.scheduling_optimizer - INFO - 时间窗口合并完成: 20 -> 20 个窗口
2025-09-20 21:20:51,766 - app.algorithms.monthly_scheduling.scheduling_optimizer - INFO - 时间窗口合并完成: 20 -> 20 个窗口
2025-09-20 21:20:51,766 - app.algorithms.monthly_scheduling.scheduling_optimizer - INFO - 时间窗口合并完成: 20 -> 20 个窗口
2025-09-20 21:20:51,766 - app.algorithms.monthly_scheduling.scheduling_optimizer - INFO - 时间窗口合并完成: 20 -> 20 个窗口
2025-09-20 21:20:51,766 - app.algorithms.monthly_scheduling.scheduling_optimizer - INFO - 时间窗口合并完成: 20 -> 20 个窗口
2025-09-20 21:20:51,766 - app.algorithms.monthly_scheduling.scheduling_optimizer - INFO - 时间窗口合并完成: 20 -> 20 个窗口
2025-09-20 21:20:51,767 - app.algorithms.monthly_scheduling.scheduling_optimizer - INFO - 时间窗口合并完成: 20 -> 20 个窗口
2025-09-20 21:20:51,767 - app.algorithms.monthly_scheduling.scheduling_optimizer - INFO - 时间窗口合并完成: 20 -> 20 个窗口
2025-09-20 21:20:51,767 - app.algorithms.monthly_scheduling.scheduling_optimizer - INFO - 时间窗口合并完成: 20 -> 20 个窗口
2025-09-20 21:20:51,767 - app.algorithms.monthly_scheduling.scheduling_optimizer - INFO - 时间窗口合并完成: 20 -> 20 个窗口
2025-09-20 21:20:51,767 - app.algorithms.monthly_scheduling.scheduling_optimizer - INFO - 时间窗口合并完成: 20 -> 20 个窗口
2025-09-20 21:20:51,767 - app.algorithms.monthly_scheduling.scheduling_optimizer - INFO - 时间窗口合并完成: 20 -> 20 个窗口
2025-09-20 21:20:51,768 - app.algorithms.monthly_scheduling.scheduling_optimizer - INFO - 时间窗口合并完成: 20 -> 20 个窗口
2025-09-20 21:20:51,768 - app.algorithms.monthly_scheduling.scheduling_optimizer - INFO - 时间窗口合并完成: 20 -> 20 个窗口
2025-09-20 21:20:51,768 - app.algorithms.monthly_scheduling.scheduling_optimizer - INFO - 时间窗口合并完成: 20 -> 20 个窗口
2025-09-20 21:20:51,768 - app.algorithms.monthly_scheduling.scheduling_optimizer - INFO - 时间窗口合并完成: 20 -> 20 个窗口
2025-09-20 21:20:51,768 - app.algorithms.monthly_scheduling.scheduling_optimizer - INFO - 时间窗口合并完成: 20 -> 20 个窗口
2025-09-20 21:20:51,768 - app.algorithms.monthly_scheduling.scheduling_optimizer - INFO - 时间窗口合并完成: 20 -> 20 个窗口
2025-09-20 21:20:51,769 - app.algorithms.monthly_scheduling.scheduling_optimizer - INFO - 时间窗口合并完成: 20 -> 20 个窗口
2025-09-20 21:20:51,769 - app.algorithms.monthly_scheduling.scheduling_optimizer - INFO - 时间窗口合并完成: 20 -> 20 个窗口
2025-09-20 21:20:51,769 - app.algorithms.monthly_scheduling.scheduling_optimizer - INFO - 时间窗口合并完成: 20 -> 20 个窗口
2025-09-20 21:20:51,769 - app.algorithms.monthly_scheduling.scheduling_optimizer - INFO - 时间窗口合并完成: 20 -> 20 个窗口
2025-09-20 21:20:51,769 - app.algorithms.monthly_scheduling.scheduling_optimizer - INFO - 时间窗口合并完成: 20 -> 20 个窗口
2025-09-20 21:20:51,769 - app.algorithms.monthly_scheduling.scheduling_optimizer - INFO - 时间窗口合并完成: 20 -> 20 个窗口
2025-09-20 21:20:51,769 - app.algorithms.monthly_scheduling.scheduling_optimizer - INFO - 时间窗口合并完成: 20 -> 20 个窗口
2025-09-20 21:20:51,770 - app.algorithms.monthly_scheduling.scheduling_optimizer - INFO - 时间窗口合并完成: 20 -> 20 个窗口
2025-09-20 21:20:51,770 - app.algorithms.monthly_scheduling.scheduling_optimizer - INFO - 时间窗口合并完成: 20 -> 20 个窗口
2025-09-20 21:20:51,770 - app.algorithms.monthly_scheduling.scheduling_optimizer - INFO - 时间窗口合并完成: 20 -> 20 个窗口
2025-09-20 21:20:51,770 - app.algorithms.monthly_scheduling.scheduling_optimizer - INFO - 时间窗口合并完成: 20 -> 20 个窗口
2025-09-20 21:20:51,770 - app.algorithms.monthly_scheduling.scheduling_optimizer - INFO - 时间窗口合并完成: 20 -> 20 个窗口
2025-09-20 21:20:51,770 - app.algorithms.monthly_scheduling.scheduling_optimizer - INFO - 时间窗口合并完成: 20 -> 20 个窗口
2025-09-20 21:20:51,771 - app.algorithms.monthly_scheduling.scheduling_optimizer - INFO - 时间窗口合并完成: 20 -> 20 个窗口
2025-09-20 21:20:51,771 - app.algorithms.monthly_scheduling.scheduling_optimizer - INFO - 时间窗口合并完成: 20 -> 20 个窗口
2025-09-20 21:20:51,771 - app.algorithms.monthly_scheduling.scheduling_optimizer - INFO - 时间窗口合并完成: 20 -> 20 个窗口
2025-09-20 21:20:51,771 - app.algorithms.monthly_scheduling.scheduling_optimizer - INFO - 时间窗口合并完成: 20 -> 20 个窗口
2025-09-20 21:20:51,771 - app.algorithms.monthly_scheduling.scheduling_optimizer - WARNING - 产品 利群(软长嘴) 拆分后仍有 22700 箱未分配
2025-09-20 21:20:51,771 - app.algorithms.monthly_scheduling.scheduling_optimizer - ERROR - 产品 利群(软长嘴) 最终调度失败
2025-09-20 21:20:51,772 - app.algorithms.monthly_scheduling.scheduling_optimizer - INFO - 时间窗口合并完成: 20 -> 20 个窗口
2025-09-20 21:20:51,772 - app.algorithms.monthly_scheduling.scheduling_optimizer - INFO - 时间窗口合并完成: 20 -> 20 个窗口
2025-09-20 21:20:51,772 - app.algorithms.monthly_scheduling.scheduling_optimizer - INFO - 时间窗口合并完成: 20 -> 20 个窗口
2025-09-20 21:20:51,772 - app.algorithms.monthly_scheduling.scheduling_optimizer - INFO - 时间窗口合并完成: 20 -> 20 个窗口
2025-09-20 21:20:51,772 - app.algorithms.monthly_scheduling.scheduling_optimizer - INFO - 时间窗口合并完成: 20 -> 20 个窗口
2025-09-20 21:20:51,772 - app.algorithms.monthly_scheduling.scheduling_optimizer - INFO - 时间窗口合并完成: 20 -> 20 个窗口
2025-09-20 21:20:51,772 - app.algorithms.monthly_scheduling.scheduling_optimizer - INFO - 时间窗口合并完成: 20 -> 20 个窗口
2025-09-20 21:20:51,773 - app.algorithms.monthly_scheduling.scheduling_optimizer - INFO - 时间窗口合并完成: 20 -> 20 个窗口
2025-09-20 21:20:51,773 - app.algorithms.monthly_scheduling.scheduling_optimizer - INFO - 时间窗口合并完成: 20 -> 20 个窗口
2025-09-20 21:20:51,773 - app.algorithms.monthly_scheduling.scheduling_optimizer - INFO - 时间窗口合并完成: 20 -> 20 个窗口
2025-09-20 21:20:51,773 - app.algorithms.monthly_scheduling.scheduling_optimizer - INFO - 时间窗口合并完成: 20 -> 20 个窗口
2025-09-20 21:20:51,773 - app.algorithms.monthly_scheduling.scheduling_optimizer - INFO - 时间窗口合并完成: 20 -> 20 个窗口
2025-09-20 21:20:51,773 - app.algorithms.monthly_scheduling.scheduling_optimizer - INFO - 时间窗口合并完成: 20 -> 20 个窗口
2025-09-20 21:20:51,773 - app.algorithms.monthly_scheduling.scheduling_optimizer - INFO - 时间窗口合并完成: 20 -> 20 个窗口
2025-09-20 21:20:51,774 - app.algorithms.monthly_scheduling.scheduling_optimizer - INFO - 时间窗口合并完成: 20 -> 20 个窗口
2025-09-20 21:20:51,774 - app.algorithms.monthly_scheduling.scheduling_optimizer - INFO - 时间窗口合并完成: 20 -> 20 个窗口
2025-09-20 21:20:51,774 - app.algorithms.monthly_scheduling.scheduling_optimizer - INFO - 时间窗口合并完成: 20 -> 20 个窗口
2025-09-20 21:20:51,774 - app.algorithms.monthly_scheduling.scheduling_optimizer - INFO - 时间窗口合并完成: 20 -> 20 个窗口
2025-09-20 21:20:51,774 - app.algorithms.monthly_scheduling.scheduling_optimizer - INFO - 时间窗口合并完成: 20 -> 20 个窗口
2025-09-20 21:20:51,774 - app.algorithms.monthly_scheduling.scheduling_optimizer - INFO - 时间窗口合并完成: 20 -> 20 个窗口
2025-09-20 21:20:51,774 - app.algorithms.monthly_scheduling.scheduling_optimizer - INFO - 时间窗口合并完成: 20 -> 20 个窗口
2025-09-20 21:20:51,774 - app.algorithms.monthly_scheduling.scheduling_optimizer - INFO - 时间窗口合并完成: 20 -> 20 个窗口
2025-09-20 21:20:51,775 - app.algorithms.monthly_scheduling.scheduling_optimizer - INFO - 时间窗口合并完成: 20 -> 20 个窗口
2025-09-20 21:20:51,775 - app.algorithms.monthly_scheduling.scheduling_optimizer - INFO - 时间窗口合并完成: 20 -> 20 个窗口
2025-09-20 21:20:51,775 - app.algorithms.monthly_scheduling.scheduling_optimizer - INFO - 时间窗口合并完成: 20 -> 20 个窗口
2025-09-20 21:20:51,775 - app.algorithms.monthly_scheduling.scheduling_optimizer - INFO - 时间窗口合并完成: 20 -> 20 个窗口
2025-09-20 21:20:51,775 - app.algorithms.monthly_scheduling.scheduling_optimizer - INFO - 时间窗口合并完成: 20 -> 20 个窗口
2025-09-20 21:20:51,775 - app.algorithms.monthly_scheduling.scheduling_optimizer - INFO - 时间窗口合并完成: 20 -> 20 个窗口
2025-09-20 21:20:51,775 - app.algorithms.monthly_scheduling.scheduling_optimizer - INFO - 时间窗口合并完成: 20 -> 20 个窗口
2025-09-20 21:20:51,776 - app.algorithms.monthly_scheduling.scheduling_optimizer - INFO - 时间窗口合并完成: 20 -> 20 个窗口
2025-09-20 21:20:51,776 - app.algorithms.monthly_scheduling.scheduling_optimizer - INFO - 时间窗口合并完成: 20 -> 20 个窗口
2025-09-20 21:20:51,776 - app.algorithms.monthly_scheduling.scheduling_optimizer - INFO - 时间窗口合并完成: 20 -> 20 个窗口
2025-09-20 21:20:51,776 - app.algorithms.monthly_scheduling.scheduling_optimizer - INFO - 时间窗口合并完成: 20 -> 20 个窗口
2025-09-20 21:20:51,776 - app.algorithms.monthly_scheduling.scheduling_optimizer - INFO - 时间窗口合并完成: 20 -> 20 个窗口
2025-09-20 21:20:51,776 - app.algorithms.monthly_scheduling.scheduling_optimizer - INFO - 时间窗口合并完成: 20 -> 20 个窗口
2025-09-20 21:20:51,777 - app.algorithms.monthly_scheduling.scheduling_optimizer - WARNING - 产品 利群（蓝天） 拆分后仍有 13500 箱未分配
2025-09-20 21:20:51,777 - app.algorithms.monthly_scheduling.scheduling_optimizer - ERROR - 产品 利群（蓝天） 最终调度失败
2025-09-20 21:20:51,777 - app.algorithms.monthly_scheduling.scheduling_optimizer - INFO - 时间窗口合并完成: 20 -> 20 个窗口
2025-09-20 21:20:51,777 - app.algorithms.monthly_scheduling.scheduling_optimizer - INFO - 时间窗口合并完成: 20 -> 20 个窗口
2025-09-20 21:20:51,777 - app.algorithms.monthly_scheduling.scheduling_optimizer - INFO - 时间窗口合并完成: 20 -> 20 个窗口
2025-09-20 21:20:51,777 - app.algorithms.monthly_scheduling.scheduling_optimizer - INFO - 时间窗口合并完成: 20 -> 20 个窗口
2025-09-20 21:20:51,777 - app.algorithms.monthly_scheduling.scheduling_optimizer - INFO - 时间窗口合并完成: 20 -> 20 个窗口
2025-09-20 21:20:51,777 - app.algorithms.monthly_scheduling.scheduling_optimizer - INFO - 时间窗口合并完成: 20 -> 20 个窗口
2025-09-20 21:20:51,778 - app.algorithms.monthly_scheduling.scheduling_optimizer - INFO - 时间窗口合并完成: 20 -> 20 个窗口
2025-09-20 21:20:51,778 - app.algorithms.monthly_scheduling.scheduling_optimizer - INFO - 时间窗口合并完成: 20 -> 20 个窗口
2025-09-20 21:20:51,778 - app.algorithms.monthly_scheduling.scheduling_optimizer - INFO - 时间窗口合并完成: 20 -> 20 个窗口
2025-09-20 21:20:51,778 - app.algorithms.monthly_scheduling.scheduling_optimizer - INFO - 时间窗口合并完成: 20 -> 20 个窗口
2025-09-20 21:20:51,778 - app.algorithms.monthly_scheduling.scheduling_optimizer - INFO - 时间窗口合并完成: 20 -> 20 个窗口
2025-09-20 21:20:51,778 - app.algorithms.monthly_scheduling.scheduling_optimizer - INFO - 时间窗口合并完成: 20 -> 20 个窗口
2025-09-20 21:20:51,778 - app.algorithms.monthly_scheduling.scheduling_optimizer - INFO - 时间窗口合并完成: 20 -> 20 个窗口
2025-09-20 21:20:51,779 - app.algorithms.monthly_scheduling.scheduling_optimizer - INFO - 时间窗口合并完成: 20 -> 20 个窗口
2025-09-20 21:20:51,779 - app.algorithms.monthly_scheduling.scheduling_optimizer - INFO - 时间窗口合并完成: 20 -> 20 个窗口
2025-09-20 21:20:51,779 - app.algorithms.monthly_scheduling.scheduling_optimizer - INFO - 时间窗口合并完成: 20 -> 20 个窗口
2025-09-20 21:20:51,779 - app.algorithms.monthly_scheduling.scheduling_optimizer - INFO - 时间窗口合并完成: 20 -> 20 个窗口
2025-09-20 21:20:51,779 - app.algorithms.monthly_scheduling.scheduling_optimizer - INFO - 时间窗口合并完成: 20 -> 20 个窗口
2025-09-20 21:20:51,779 - app.algorithms.monthly_scheduling.scheduling_optimizer - INFO - 时间窗口合并完成: 20 -> 20 个窗口
2025-09-20 21:20:51,779 - app.algorithms.monthly_scheduling.scheduling_optimizer - INFO - 时间窗口合并完成: 20 -> 20 个窗口
2025-09-20 21:20:51,779 - app.algorithms.monthly_scheduling.scheduling_optimizer - INFO - 时间窗口合并完成: 20 -> 20 个窗口
2025-09-20 21:20:51,780 - app.algorithms.monthly_scheduling.scheduling_optimizer - INFO - 时间窗口合并完成: 20 -> 20 个窗口
2025-09-20 21:20:51,780 - app.algorithms.monthly_scheduling.scheduling_optimizer - INFO - 时间窗口合并完成: 20 -> 20 个窗口
2025-09-20 21:20:51,780 - app.algorithms.monthly_scheduling.scheduling_optimizer - INFO - 时间窗口合并完成: 20 -> 20 个窗口
2025-09-20 21:20:51,780 - app.algorithms.monthly_scheduling.scheduling_optimizer - INFO - 时间窗口合并完成: 20 -> 20 个窗口
2025-09-20 21:20:51,780 - app.algorithms.monthly_scheduling.scheduling_optimizer - INFO - 时间窗口合并完成: 20 -> 20 个窗口
2025-09-20 21:20:51,780 - app.algorithms.monthly_scheduling.scheduling_optimizer - INFO - 时间窗口合并完成: 20 -> 20 个窗口
2025-09-20 21:20:51,780 - app.algorithms.monthly_scheduling.scheduling_optimizer - INFO - 时间窗口合并完成: 20 -> 20 个窗口
2025-09-20 21:20:51,781 - app.algorithms.monthly_scheduling.scheduling_optimizer - INFO - 时间窗口合并完成: 20 -> 20 个窗口
2025-09-20 21:20:51,781 - app.algorithms.monthly_scheduling.scheduling_optimizer - INFO - 时间窗口合并完成: 20 -> 20 个窗口
2025-09-20 21:20:51,781 - app.algorithms.monthly_scheduling.scheduling_optimizer - INFO - 时间窗口合并完成: 20 -> 20 个窗口
2025-09-20 21:20:51,781 - app.algorithms.monthly_scheduling.scheduling_optimizer - INFO - 时间窗口合并完成: 20 -> 20 个窗口
2025-09-20 21:20:51,781 - app.algorithms.monthly_scheduling.scheduling_optimizer - INFO - 时间窗口合并完成: 20 -> 20 个窗口
2025-09-20 21:20:51,781 - app.algorithms.monthly_scheduling.scheduling_optimizer - INFO - 时间窗口合并完成: 20 -> 20 个窗口
2025-09-20 21:20:51,782 - app.algorithms.monthly_scheduling.scheduling_optimizer - INFO - 时间窗口合并完成: 20 -> 20 个窗口
2025-09-20 21:20:51,782 - app.algorithms.monthly_scheduling.scheduling_optimizer - WARNING - 产品 利群（新版） 拆分后仍有 12200 箱未分配
2025-09-20 21:20:51,782 - app.algorithms.monthly_scheduling.scheduling_optimizer - ERROR - 产品 利群（新版） 最终调度失败
2025-09-20 21:20:51,782 - app.algorithms.monthly_scheduling.scheduling_optimizer - INFO - 时间窗口合并完成: 20 -> 20 个窗口
2025-09-20 21:20:51,782 - app.algorithms.monthly_scheduling.scheduling_optimizer - INFO - 时间窗口合并完成: 20 -> 20 个窗口
2025-09-20 21:20:51,782 - app.algorithms.monthly_scheduling.scheduling_optimizer - INFO - 时间窗口合并完成: 20 -> 20 个窗口
2025-09-20 21:20:51,782 - app.algorithms.monthly_scheduling.scheduling_optimizer - INFO - 时间窗口合并完成: 20 -> 20 个窗口
2025-09-20 21:20:51,782 - app.algorithms.monthly_scheduling.scheduling_optimizer - INFO - 时间窗口合并完成: 20 -> 20 个窗口
2025-09-20 21:20:51,783 - app.algorithms.monthly_scheduling.scheduling_optimizer - INFO - 时间窗口合并完成: 20 -> 20 个窗口
2025-09-20 21:20:51,783 - app.algorithms.monthly_scheduling.scheduling_optimizer - INFO - 时间窗口合并完成: 20 -> 20 个窗口
2025-09-20 21:20:51,783 - app.algorithms.monthly_scheduling.scheduling_optimizer - INFO - 时间窗口合并完成: 20 -> 20 个窗口
2025-09-20 21:20:51,783 - app.algorithms.monthly_scheduling.scheduling_optimizer - INFO - 时间窗口合并完成: 20 -> 20 个窗口
2025-09-20 21:20:51,783 - app.algorithms.monthly_scheduling.scheduling_optimizer - INFO - 时间窗口合并完成: 20 -> 20 个窗口
2025-09-20 21:20:51,783 - app.algorithms.monthly_scheduling.scheduling_optimizer - INFO - 时间窗口合并完成: 20 -> 20 个窗口
2025-09-20 21:20:51,783 - app.algorithms.monthly_scheduling.scheduling_optimizer - INFO - 时间窗口合并完成: 20 -> 20 个窗口
2025-09-20 21:20:51,783 - app.algorithms.monthly_scheduling.scheduling_optimizer - INFO - 时间窗口合并完成: 20 -> 20 个窗口
2025-09-20 21:20:51,784 - app.algorithms.monthly_scheduling.scheduling_optimizer - INFO - 时间窗口合并完成: 20 -> 20 个窗口
2025-09-20 21:20:51,784 - app.algorithms.monthly_scheduling.scheduling_optimizer - INFO - 时间窗口合并完成: 20 -> 20 个窗口
2025-09-20 21:20:51,784 - app.algorithms.monthly_scheduling.scheduling_optimizer - INFO - 时间窗口合并完成: 20 -> 20 个窗口
2025-09-20 21:20:51,784 - app.algorithms.monthly_scheduling.scheduling_optimizer - INFO - 时间窗口合并完成: 20 -> 20 个窗口
2025-09-20 21:20:51,784 - app.algorithms.monthly_scheduling.scheduling_optimizer - INFO - 时间窗口合并完成: 20 -> 20 个窗口
2025-09-20 21:20:51,784 - app.algorithms.monthly_scheduling.scheduling_optimizer - INFO - 时间窗口合并完成: 20 -> 20 个窗口
2025-09-20 21:20:51,784 - app.algorithms.monthly_scheduling.scheduling_optimizer - INFO - 时间窗口合并完成: 20 -> 20 个窗口
2025-09-20 21:20:51,784 - app.algorithms.monthly_scheduling.scheduling_optimizer - INFO - 时间窗口合并完成: 20 -> 20 个窗口
2025-09-20 21:20:51,785 - app.algorithms.monthly_scheduling.scheduling_optimizer - INFO - 时间窗口合并完成: 20 -> 20 个窗口
2025-09-20 21:20:51,785 - app.algorithms.monthly_scheduling.scheduling_optimizer - INFO - 时间窗口合并完成: 20 -> 20 个窗口
2025-09-20 21:20:51,785 - app.algorithms.monthly_scheduling.scheduling_optimizer - INFO - 时间窗口合并完成: 20 -> 20 个窗口
2025-09-20 21:20:51,785 - app.algorithms.monthly_scheduling.scheduling_optimizer - INFO - 时间窗口合并完成: 20 -> 20 个窗口
2025-09-20 21:20:51,785 - app.algorithms.monthly_scheduling.scheduling_optimizer - INFO - 时间窗口合并完成: 20 -> 20 个窗口
2025-09-20 21:20:51,785 - app.algorithms.monthly_scheduling.scheduling_optimizer - INFO - 时间窗口合并完成: 20 -> 20 个窗口
2025-09-20 21:20:51,786 - app.algorithms.monthly_scheduling.scheduling_optimizer - INFO - 时间窗口合并完成: 20 -> 20 个窗口
2025-09-20 21:20:51,786 - app.algorithms.monthly_scheduling.scheduling_optimizer - INFO - 时间窗口合并完成: 20 -> 20 个窗口
2025-09-20 21:20:51,786 - app.algorithms.monthly_scheduling.scheduling_optimizer - INFO - 时间窗口合并完成: 20 -> 20 个窗口
2025-09-20 21:20:51,786 - app.algorithms.monthly_scheduling.scheduling_optimizer - INFO - 时间窗口合并完成: 20 -> 20 个窗口
2025-09-20 21:20:51,786 - app.algorithms.monthly_scheduling.scheduling_optimizer - INFO - 时间窗口合并完成: 20 -> 20 个窗口
2025-09-20 21:20:51,786 - app.algorithms.monthly_scheduling.scheduling_optimizer - INFO - 时间窗口合并完成: 20 -> 20 个窗口
2025-09-20 21:20:51,786 - app.algorithms.monthly_scheduling.scheduling_optimizer - INFO - 时间窗口合并完成: 20 -> 20 个窗口
2025-09-20 21:20:51,787 - app.algorithms.monthly_scheduling.scheduling_optimizer - INFO - 时间窗口合并完成: 20 -> 20 个窗口
2025-09-20 21:20:51,787 - app.algorithms.monthly_scheduling.scheduling_optimizer - WARNING - 产品 利群(软红长嘴) 拆分后仍有 12000 箱未分配
2025-09-20 21:20:51,787 - app.algorithms.monthly_scheduling.scheduling_optimizer - ERROR - 产品 利群(软红长嘴) 最终调度失败
2025-09-20 21:20:51,787 - app.algorithms.monthly_scheduling.scheduling_optimizer - INFO - 时间窗口合并完成: 20 -> 20 个窗口
2025-09-20 21:20:51,787 - app.algorithms.monthly_scheduling.scheduling_optimizer - INFO - 时间窗口合并完成: 20 -> 20 个窗口
2025-09-20 21:20:51,787 - app.algorithms.monthly_scheduling.scheduling_optimizer - INFO - 时间窗口合并完成: 20 -> 20 个窗口
2025-09-20 21:20:51,787 - app.algorithms.monthly_scheduling.scheduling_optimizer - INFO - 时间窗口合并完成: 20 -> 20 个窗口
2025-09-20 21:20:51,787 - app.algorithms.monthly_scheduling.scheduling_optimizer - INFO - 时间窗口合并完成: 20 -> 20 个窗口
2025-09-20 21:20:51,788 - app.algorithms.monthly_scheduling.scheduling_optimizer - INFO - 时间窗口合并完成: 20 -> 20 个窗口
2025-09-20 21:20:51,788 - app.algorithms.monthly_scheduling.scheduling_optimizer - INFO - 时间窗口合并完成: 20 -> 20 个窗口
2025-09-20 21:20:51,788 - app.algorithms.monthly_scheduling.scheduling_optimizer - INFO - 时间窗口合并完成: 20 -> 20 个窗口
2025-09-20 21:20:51,788 - app.algorithms.monthly_scheduling.scheduling_optimizer - INFO - 时间窗口合并完成: 20 -> 20 个窗口
2025-09-20 21:20:51,788 - app.algorithms.monthly_scheduling.scheduling_optimizer - INFO - 时间窗口合并完成: 20 -> 20 个窗口
2025-09-20 21:20:51,788 - app.algorithms.monthly_scheduling.scheduling_optimizer - INFO - 时间窗口合并完成: 20 -> 20 个窗口
2025-09-20 21:20:51,788 - app.algorithms.monthly_scheduling.scheduling_optimizer - INFO - 时间窗口合并完成: 20 -> 20 个窗口
2025-09-20 21:20:51,789 - app.algorithms.monthly_scheduling.scheduling_optimizer - INFO - 时间窗口合并完成: 20 -> 20 个窗口
2025-09-20 21:20:51,789 - app.algorithms.monthly_scheduling.scheduling_optimizer - INFO - 时间窗口合并完成: 20 -> 20 个窗口
2025-09-20 21:20:51,789 - app.algorithms.monthly_scheduling.scheduling_optimizer - INFO - 时间窗口合并完成: 20 -> 20 个窗口
2025-09-20 21:20:51,789 - app.algorithms.monthly_scheduling.scheduling_optimizer - INFO - 时间窗口合并完成: 20 -> 20 个窗口
2025-09-20 21:20:51,789 - app.algorithms.monthly_scheduling.scheduling_optimizer - INFO - 时间窗口合并完成: 20 -> 20 个窗口
2025-09-20 21:20:51,789 - app.algorithms.monthly_scheduling.scheduling_optimizer - INFO - 时间窗口合并完成: 20 -> 20 个窗口
2025-09-20 21:20:51,789 - app.algorithms.monthly_scheduling.scheduling_optimizer - INFO - 时间窗口合并完成: 20 -> 20 个窗口
2025-09-20 21:20:51,789 - app.algorithms.monthly_scheduling.scheduling_optimizer - INFO - 时间窗口合并完成: 20 -> 20 个窗口
2025-09-20 21:20:51,790 - app.algorithms.monthly_scheduling.scheduling_optimizer - INFO - 时间窗口合并完成: 20 -> 20 个窗口
2025-09-20 21:20:51,790 - app.algorithms.monthly_scheduling.scheduling_optimizer - INFO - 时间窗口合并完成: 20 -> 20 个窗口
2025-09-20 21:20:51,790 - app.algorithms.monthly_scheduling.scheduling_optimizer - INFO - 时间窗口合并完成: 20 -> 20 个窗口
2025-09-20 21:20:51,790 - app.algorithms.monthly_scheduling.scheduling_optimizer - INFO - 时间窗口合并完成: 20 -> 20 个窗口
2025-09-20 21:20:51,790 - app.algorithms.monthly_scheduling.scheduling_optimizer - INFO - 时间窗口合并完成: 20 -> 20 个窗口
2025-09-20 21:20:51,790 - app.algorithms.monthly_scheduling.scheduling_optimizer - INFO - 时间窗口合并完成: 20 -> 20 个窗口
2025-09-20 21:20:51,790 - app.algorithms.monthly_scheduling.scheduling_optimizer - INFO - 时间窗口合并完成: 20 -> 20 个窗口
2025-09-20 21:20:51,790 - app.algorithms.monthly_scheduling.scheduling_optimizer - INFO - 时间窗口合并完成: 20 -> 20 个窗口
2025-09-20 21:20:51,791 - app.algorithms.monthly_scheduling.scheduling_optimizer - INFO - 时间窗口合并完成: 20 -> 20 个窗口
2025-09-20 21:20:51,791 - app.algorithms.monthly_scheduling.scheduling_optimizer - INFO - 时间窗口合并完成: 20 -> 20 个窗口
2025-09-20 21:20:51,791 - app.algorithms.monthly_scheduling.scheduling_optimizer - INFO - 时间窗口合并完成: 20 -> 20 个窗口
2025-09-20 21:20:51,791 - app.algorithms.monthly_scheduling.scheduling_optimizer - INFO - 时间窗口合并完成: 20 -> 20 个窗口
2025-09-20 21:20:51,791 - app.algorithms.monthly_scheduling.scheduling_optimizer - INFO - 时间窗口合并完成: 20 -> 20 个窗口
2025-09-20 21:20:51,791 - app.algorithms.monthly_scheduling.scheduling_optimizer - INFO - 时间窗口合并完成: 20 -> 20 个窗口
2025-09-20 21:20:51,792 - app.algorithms.monthly_scheduling.scheduling_optimizer - INFO - 时间窗口合并完成: 20 -> 20 个窗口
2025-09-20 21:20:51,792 - app.algorithms.monthly_scheduling.scheduling_optimizer - WARNING - 产品 利群(长嘴) 拆分后仍有 9750 箱未分配
2025-09-20 21:20:51,792 - app.algorithms.monthly_scheduling.scheduling_optimizer - ERROR - 产品 利群(长嘴) 最终调度失败
2025-09-20 21:20:51,792 - app.algorithms.monthly_scheduling.scheduling_optimizer - INFO - 时间窗口合并完成: 20 -> 20 个窗口
2025-09-20 21:20:51,792 - app.algorithms.monthly_scheduling.scheduling_optimizer - INFO - 时间窗口合并完成: 20 -> 20 个窗口
2025-09-20 21:20:51,792 - app.algorithms.monthly_scheduling.scheduling_optimizer - INFO - 时间窗口合并完成: 20 -> 20 个窗口
2025-09-20 21:20:51,792 - app.algorithms.monthly_scheduling.scheduling_optimizer - INFO - 时间窗口合并完成: 20 -> 20 个窗口
2025-09-20 21:20:51,792 - app.algorithms.monthly_scheduling.scheduling_optimizer - INFO - 时间窗口合并完成: 20 -> 20 个窗口
2025-09-20 21:20:51,793 - app.algorithms.monthly_scheduling.scheduling_optimizer - INFO - 时间窗口合并完成: 20 -> 20 个窗口
2025-09-20 21:20:51,793 - app.algorithms.monthly_scheduling.scheduling_optimizer - INFO - 时间窗口合并完成: 20 -> 20 个窗口
2025-09-20 21:20:51,793 - app.algorithms.monthly_scheduling.scheduling_optimizer - INFO - 时间窗口合并完成: 20 -> 20 个窗口
2025-09-20 21:20:51,793 - app.algorithms.monthly_scheduling.scheduling_optimizer - INFO - 时间窗口合并完成: 20 -> 20 个窗口
2025-09-20 21:20:51,793 - app.algorithms.monthly_scheduling.scheduling_optimizer - INFO - 时间窗口合并完成: 20 -> 20 个窗口
2025-09-20 21:20:51,793 - app.algorithms.monthly_scheduling.scheduling_optimizer - INFO - 时间窗口合并完成: 20 -> 20 个窗口
2025-09-20 21:20:51,793 - app.algorithms.monthly_scheduling.scheduling_optimizer - INFO - 时间窗口合并完成: 20 -> 20 个窗口
2025-09-20 21:20:51,793 - app.algorithms.monthly_scheduling.scheduling_optimizer - INFO - 时间窗口合并完成: 20 -> 20 个窗口
2025-09-20 21:20:51,794 - app.algorithms.monthly_scheduling.scheduling_optimizer - INFO - 时间窗口合并完成: 20 -> 20 个窗口
2025-09-20 21:20:51,794 - app.algorithms.monthly_scheduling.scheduling_optimizer - INFO - 时间窗口合并完成: 20 -> 20 个窗口
2025-09-20 21:20:51,794 - app.algorithms.monthly_scheduling.scheduling_optimizer - INFO - 时间窗口合并完成: 20 -> 20 个窗口
2025-09-20 21:20:51,794 - app.algorithms.monthly_scheduling.scheduling_optimizer - INFO - 时间窗口合并完成: 20 -> 20 个窗口
2025-09-20 21:20:51,794 - app.algorithms.monthly_scheduling.scheduling_optimizer - INFO - 时间窗口合并完成: 20 -> 20 个窗口
2025-09-20 21:20:51,794 - app.algorithms.monthly_scheduling.scheduling_optimizer - INFO - 时间窗口合并完成: 20 -> 20 个窗口
2025-09-20 21:20:51,794 - app.algorithms.monthly_scheduling.scheduling_optimizer - INFO - 时间窗口合并完成: 20 -> 20 个窗口
2025-09-20 21:20:51,795 - app.algorithms.monthly_scheduling.scheduling_optimizer - INFO - 时间窗口合并完成: 20 -> 20 个窗口
2025-09-20 21:20:51,795 - app.algorithms.monthly_scheduling.scheduling_optimizer - INFO - 时间窗口合并完成: 20 -> 20 个窗口
2025-09-20 21:20:51,795 - app.algorithms.monthly_scheduling.scheduling_optimizer - INFO - 时间窗口合并完成: 20 -> 20 个窗口
2025-09-20 21:20:51,795 - app.algorithms.monthly_scheduling.scheduling_optimizer - INFO - 时间窗口合并完成: 20 -> 20 个窗口
2025-09-20 21:20:51,795 - app.algorithms.monthly_scheduling.scheduling_optimizer - INFO - 时间窗口合并完成: 20 -> 20 个窗口
2025-09-20 21:20:51,795 - app.algorithms.monthly_scheduling.scheduling_optimizer - INFO - 时间窗口合并完成: 20 -> 20 个窗口
2025-09-20 21:20:51,795 - app.algorithms.monthly_scheduling.scheduling_optimizer - INFO - 时间窗口合并完成: 20 -> 20 个窗口
2025-09-20 21:20:51,795 - app.algorithms.monthly_scheduling.scheduling_optimizer - INFO - 时间窗口合并完成: 20 -> 20 个窗口
2025-09-20 21:20:51,796 - app.algorithms.monthly_scheduling.scheduling_optimizer - INFO - 时间窗口合并完成: 20 -> 20 个窗口
2025-09-20 21:20:51,796 - app.algorithms.monthly_scheduling.scheduling_optimizer - INFO - 时间窗口合并完成: 20 -> 20 个窗口
2025-09-20 21:20:51,796 - app.algorithms.monthly_scheduling.scheduling_optimizer - INFO - 时间窗口合并完成: 20 -> 20 个窗口
2025-09-20 21:20:51,796 - app.algorithms.monthly_scheduling.scheduling_optimizer - INFO - 时间窗口合并完成: 20 -> 20 个窗口
2025-09-20 21:20:51,796 - app.algorithms.monthly_scheduling.scheduling_optimizer - INFO - 时间窗口合并完成: 20 -> 20 个窗口
2025-09-20 21:20:51,796 - app.algorithms.monthly_scheduling.scheduling_optimizer - INFO - 时间窗口合并完成: 20 -> 20 个窗口
2025-09-20 21:20:51,797 - app.algorithms.monthly_scheduling.scheduling_optimizer - INFO - 时间窗口合并完成: 20 -> 20 个窗口
2025-09-20 21:20:51,797 - app.algorithms.monthly_scheduling.scheduling_optimizer - WARNING - 产品 雄狮(红老版) 拆分后仍有 5500 箱未分配
2025-09-20 21:20:51,797 - app.algorithms.monthly_scheduling.scheduling_optimizer - ERROR - 产品 雄狮(红老版) 最终调度失败
2025-09-20 21:20:51,797 - app.algorithms.monthly_scheduling.scheduling_optimizer - INFO - 时间窗口合并完成: 20 -> 20 个窗口
2025-09-20 21:20:51,797 - app.algorithms.monthly_scheduling.scheduling_optimizer - INFO - 时间窗口合并完成: 20 -> 20 个窗口
2025-09-20 21:20:51,797 - app.algorithms.monthly_scheduling.scheduling_optimizer - INFO - 时间窗口合并完成: 20 -> 20 个窗口
2025-09-20 21:20:51,797 - app.algorithms.monthly_scheduling.scheduling_optimizer - INFO - 时间窗口合并完成: 20 -> 20 个窗口
2025-09-20 21:20:51,797 - app.algorithms.monthly_scheduling.scheduling_optimizer - INFO - 时间窗口合并完成: 20 -> 20 个窗口
2025-09-20 21:20:51,798 - app.algorithms.monthly_scheduling.scheduling_optimizer - INFO - 时间窗口合并完成: 20 -> 20 个窗口
2025-09-20 21:20:51,798 - app.algorithms.monthly_scheduling.scheduling_optimizer - INFO - 时间窗口合并完成: 20 -> 20 个窗口
2025-09-20 21:20:51,798 - app.algorithms.monthly_scheduling.scheduling_optimizer - INFO - 时间窗口合并完成: 20 -> 20 个窗口
2025-09-20 21:20:51,798 - app.algorithms.monthly_scheduling.scheduling_optimizer - INFO - 时间窗口合并完成: 20 -> 20 个窗口
2025-09-20 21:20:51,798 - app.algorithms.monthly_scheduling.scheduling_optimizer - INFO - 时间窗口合并完成: 20 -> 20 个窗口
2025-09-20 21:20:51,798 - app.algorithms.monthly_scheduling.scheduling_optimizer - INFO - 时间窗口合并完成: 20 -> 20 个窗口
2025-09-20 21:20:51,798 - app.algorithms.monthly_scheduling.scheduling_optimizer - INFO - 时间窗口合并完成: 20 -> 20 个窗口
2025-09-20 21:20:51,798 - app.algorithms.monthly_scheduling.scheduling_optimizer - INFO - 时间窗口合并完成: 20 -> 20 个窗口
2025-09-20 21:20:51,799 - app.algorithms.monthly_scheduling.scheduling_optimizer - INFO - 时间窗口合并完成: 20 -> 20 个窗口
2025-09-20 21:20:51,799 - app.algorithms.monthly_scheduling.scheduling_optimizer - INFO - 时间窗口合并完成: 20 -> 20 个窗口
2025-09-20 21:20:51,799 - app.algorithms.monthly_scheduling.scheduling_optimizer - INFO - 时间窗口合并完成: 20 -> 20 个窗口
2025-09-20 21:20:51,799 - app.algorithms.monthly_scheduling.scheduling_optimizer - INFO - 时间窗口合并完成: 20 -> 20 个窗口
2025-09-20 21:20:51,799 - app.algorithms.monthly_scheduling.scheduling_optimizer - INFO - 时间窗口合并完成: 20 -> 20 个窗口
2025-09-20 21:20:51,799 - app.algorithms.monthly_scheduling.scheduling_optimizer - INFO - 时间窗口合并完成: 20 -> 20 个窗口
2025-09-20 21:20:51,799 - app.algorithms.monthly_scheduling.scheduling_optimizer - INFO - 时间窗口合并完成: 20 -> 20 个窗口
2025-09-20 21:20:51,799 - app.algorithms.monthly_scheduling.scheduling_optimizer - INFO - 时间窗口合并完成: 20 -> 20 个窗口
2025-09-20 21:20:51,800 - app.algorithms.monthly_scheduling.scheduling_optimizer - INFO - 时间窗口合并完成: 20 -> 20 个窗口
2025-09-20 21:20:51,800 - app.algorithms.monthly_scheduling.scheduling_optimizer - INFO - 时间窗口合并完成: 20 -> 20 个窗口
2025-09-20 21:20:51,800 - app.algorithms.monthly_scheduling.scheduling_optimizer - INFO - 时间窗口合并完成: 20 -> 20 个窗口
2025-09-20 21:20:51,800 - app.algorithms.monthly_scheduling.scheduling_optimizer - INFO - 时间窗口合并完成: 20 -> 20 个窗口
2025-09-20 21:20:51,800 - app.algorithms.monthly_scheduling.scheduling_optimizer - INFO - 时间窗口合并完成: 20 -> 20 个窗口
2025-09-20 21:20:51,800 - app.algorithms.monthly_scheduling.scheduling_optimizer - INFO - 时间窗口合并完成: 20 -> 20 个窗口
2025-09-20 21:20:51,800 - app.algorithms.monthly_scheduling.scheduling_optimizer - INFO - 时间窗口合并完成: 20 -> 20 个窗口
2025-09-20 21:20:51,801 - app.algorithms.monthly_scheduling.scheduling_optimizer - INFO - 时间窗口合并完成: 20 -> 20 个窗口
2025-09-20 21:20:51,801 - app.algorithms.monthly_scheduling.scheduling_optimizer - INFO - 时间窗口合并完成: 20 -> 20 个窗口
2025-09-20 21:20:51,801 - app.algorithms.monthly_scheduling.scheduling_optimizer - INFO - 时间窗口合并完成: 20 -> 20 个窗口
2025-09-20 21:20:51,801 - app.algorithms.monthly_scheduling.scheduling_optimizer - INFO - 时间窗口合并完成: 20 -> 20 个窗口
2025-09-20 21:20:51,801 - app.algorithms.monthly_scheduling.scheduling_optimizer - INFO - 时间窗口合并完成: 20 -> 20 个窗口
2025-09-20 21:20:51,801 - app.algorithms.monthly_scheduling.scheduling_optimizer - INFO - 时间窗口合并完成: 20 -> 20 个窗口
2025-09-20 21:20:51,801 - app.algorithms.monthly_scheduling.scheduling_optimizer - INFO - 时间窗口合并完成: 20 -> 20 个窗口
2025-09-20 21:20:51,802 - app.algorithms.monthly_scheduling.scheduling_optimizer - WARNING - 产品 利群(阳光) 拆分后仍有 4700 箱未分配
2025-09-20 21:20:51,802 - app.algorithms.monthly_scheduling.scheduling_optimizer - ERROR - 产品 利群(阳光) 最终调度失败
2025-09-20 21:20:51,802 - app.algorithms.monthly_scheduling.scheduling_optimizer - INFO - 时间窗口合并完成: 20 -> 20 个窗口
2025-09-20 21:20:51,802 - app.algorithms.monthly_scheduling.scheduling_optimizer - INFO - 时间窗口合并完成: 20 -> 20 个窗口
2025-09-20 21:20:51,802 - app.algorithms.monthly_scheduling.scheduling_optimizer - INFO - 时间窗口合并完成: 20 -> 20 个窗口
2025-09-20 21:20:51,802 - app.algorithms.monthly_scheduling.scheduling_optimizer - INFO - 时间窗口合并完成: 20 -> 20 个窗口
2025-09-20 21:20:51,802 - app.algorithms.monthly_scheduling.scheduling_optimizer - INFO - 时间窗口合并完成: 20 -> 20 个窗口
2025-09-20 21:20:51,802 - app.algorithms.monthly_scheduling.scheduling_optimizer - INFO - 时间窗口合并完成: 20 -> 20 个窗口
2025-09-20 21:20:51,803 - app.algorithms.monthly_scheduling.scheduling_optimizer - INFO - 时间窗口合并完成: 20 -> 20 个窗口
2025-09-20 21:20:51,803 - app.algorithms.monthly_scheduling.scheduling_optimizer - INFO - 时间窗口合并完成: 20 -> 20 个窗口
2025-09-20 21:20:51,803 - app.algorithms.monthly_scheduling.scheduling_optimizer - INFO - 时间窗口合并完成: 20 -> 20 个窗口
2025-09-20 21:20:51,803 - app.algorithms.monthly_scheduling.scheduling_optimizer - INFO - 时间窗口合并完成: 20 -> 20 个窗口
2025-09-20 21:20:51,803 - app.algorithms.monthly_scheduling.scheduling_optimizer - INFO - 时间窗口合并完成: 20 -> 20 个窗口
2025-09-20 21:20:51,803 - app.algorithms.monthly_scheduling.scheduling_optimizer - INFO - 时间窗口合并完成: 20 -> 20 个窗口
2025-09-20 21:20:51,803 - app.algorithms.monthly_scheduling.scheduling_optimizer - INFO - 时间窗口合并完成: 20 -> 20 个窗口
2025-09-20 21:20:51,803 - app.algorithms.monthly_scheduling.scheduling_optimizer - INFO - 时间窗口合并完成: 20 -> 20 个窗口
2025-09-20 21:20:51,804 - app.algorithms.monthly_scheduling.scheduling_optimizer - INFO - 时间窗口合并完成: 20 -> 20 个窗口
2025-09-20 21:20:51,804 - app.algorithms.monthly_scheduling.scheduling_optimizer - INFO - 时间窗口合并完成: 20 -> 20 个窗口
2025-09-20 21:20:51,804 - app.algorithms.monthly_scheduling.scheduling_optimizer - INFO - 时间窗口合并完成: 20 -> 20 个窗口
2025-09-20 21:20:51,804 - app.algorithms.monthly_scheduling.scheduling_optimizer - INFO - 时间窗口合并完成: 20 -> 20 个窗口
2025-09-20 21:20:51,804 - app.algorithms.monthly_scheduling.scheduling_optimizer - INFO - 时间窗口合并完成: 20 -> 20 个窗口
2025-09-20 21:20:51,804 - app.algorithms.monthly_scheduling.scheduling_optimizer - INFO - 时间窗口合并完成: 20 -> 20 个窗口
2025-09-20 21:20:51,804 - app.algorithms.monthly_scheduling.scheduling_optimizer - INFO - 时间窗口合并完成: 20 -> 20 个窗口
2025-09-20 21:20:51,804 - app.algorithms.monthly_scheduling.scheduling_optimizer - INFO - 时间窗口合并完成: 20 -> 20 个窗口
2025-09-20 21:20:51,805 - app.algorithms.monthly_scheduling.scheduling_optimizer - INFO - 时间窗口合并完成: 20 -> 20 个窗口
2025-09-20 21:20:51,805 - app.algorithms.monthly_scheduling.scheduling_optimizer - INFO - 时间窗口合并完成: 20 -> 20 个窗口
2025-09-20 21:20:51,805 - app.algorithms.monthly_scheduling.scheduling_optimizer - INFO - 时间窗口合并完成: 20 -> 20 个窗口
2025-09-20 21:20:51,805 - app.algorithms.monthly_scheduling.scheduling_optimizer - INFO - 时间窗口合并完成: 20 -> 20 个窗口
2025-09-20 21:20:51,805 - app.algorithms.monthly_scheduling.scheduling_optimizer - INFO - 时间窗口合并完成: 20 -> 20 个窗口
2025-09-20 21:20:51,805 - app.algorithms.monthly_scheduling.scheduling_optimizer - INFO - 时间窗口合并完成: 20 -> 20 个窗口
2025-09-20 21:20:51,805 - app.algorithms.monthly_scheduling.scheduling_optimizer - INFO - 时间窗口合并完成: 20 -> 20 个窗口
2025-09-20 21:20:51,805 - app.algorithms.monthly_scheduling.scheduling_optimizer - INFO - 时间窗口合并完成: 20 -> 20 个窗口
2025-09-20 21:20:51,806 - app.algorithms.monthly_scheduling.scheduling_optimizer - INFO - 时间窗口合并完成: 20 -> 20 个窗口
2025-09-20 21:20:51,806 - app.algorithms.monthly_scheduling.scheduling_optimizer - INFO - 时间窗口合并完成: 20 -> 20 个窗口
2025-09-20 21:20:51,806 - app.algorithms.monthly_scheduling.scheduling_optimizer - INFO - 时间窗口合并完成: 20 -> 20 个窗口
2025-09-20 21:20:51,806 - app.algorithms.monthly_scheduling.scheduling_optimizer - INFO - 时间窗口合并完成: 20 -> 20 个窗口
2025-09-20 21:20:51,806 - app.algorithms.monthly_scheduling.scheduling_optimizer - INFO - 时间窗口合并完成: 20 -> 20 个窗口
2025-09-20 21:20:51,806 - app.algorithms.monthly_scheduling.scheduling_optimizer - WARNING - 产品 利群(西子阳光) 拆分后仍有 3400 箱未分配
2025-09-20 21:20:51,806 - app.algorithms.monthly_scheduling.scheduling_optimizer - ERROR - 产品 利群(西子阳光) 最终调度失败
2025-09-20 21:20:51,806 - app.algorithms.monthly_scheduling.scheduling_optimizer - INFO - 调度覆盖性验证: 覆盖率 1.8%, 完全覆盖 8 个产品, 缺失 8 个产品
2025-09-20 21:20:51,806 - app.algorithms.monthly_scheduling.scheduling_optimizer - INFO - 调度优化完成: 成功调度 18 个产品
2025-09-20 21:20:51,806 - app.algorithms.monthly_scheduling.scheduling_optimizer - INFO - 时间重叠验证通过：所有机台时间窗口无重叠
2025-09-20 21:20:51,806 - app.algorithms.monthly_scheduling.scheduling_optimizer - INFO - 调度覆盖性验证: 覆盖率 1.8%, 完全覆盖 8 个产品, 缺失 8 个产品
2025-09-20 21:20:51,807 - app.algorithms.monthly_scheduling.monthly_scheduling_engine - INFO - Phase 4 完成: 成功调度 18 个产品, 未分配 8 个, 零重叠验证: 通过
2025-09-20 21:20:51,807 - app.algorithms.monthly_scheduling.monthly_scheduling_engine - INFO - [66.7%] PHASE_4_OPTIMIZATION: 调度优化完成
2025-09-20 21:20:51,993 - app.algorithms.monthly_scheduling.monthly_scheduling_engine - INFO - === Phase 5: 约束验证阶段 ===
2025-09-20 21:20:51,993 - app.algorithms.monthly_scheduling.monthly_scheduling_engine - INFO - [66.7%] PHASE_5_VALIDATION: 开始约束验证
2025-09-20 21:20:52,177 - app.algorithms.monthly_scheduling.constraint_validator - INFO - 开始执行约束验证
2025-09-20 21:20:52,178 - app.algorithms.monthly_scheduling.constraint_validator - INFO - 约束验证完成: 失败, 严重错误 10 个, 警告 18 个
2025-09-20 21:20:52,178 - app.algorithms.monthly_scheduling.monthly_scheduling_engine - ERROR - Phase 5 失败: 约束验证失败: 发现 10 个严重违规
2025-09-20 21:20:52,178 - app.algorithms.monthly_scheduling.monthly_scheduling_engine - ERROR - 算法执行失败: 约束验证失败: 发现 10 个严重违规
2025-09-20 21:20:52,179 - app.algorithms.monthly_scheduling.monthly_scheduling_engine - ERROR - 月度排产算法执行失败: 约束验证失败: 发现 10 个严重违规
INFO:     127.0.0.1:50574 - "GET /api/v1/monthly-scheduling/task-status?task_id=MONTHLY_TASK_20250920_212048_86C9C4F3 HTTP/1.1" 404 Not Found
INFO:     127.0.0.1:50654 - "GET /api/v1/monthly-scheduling/results?monthly_batch_id=MONTHLY_20250919_200606_AE17 HTTP/1.1" 404 Not Found
INFO:     127.0.0.1:50859 - "GET /api/v1/monthly-scheduling/tasks/MONTHLY_TASK_20250920_212048_86C9C4F3 HTTP/1.1" 200 OK
INFO:     127.0.0.1:52004 - "POST /api/v1/monthly-scheduling/execute HTTP/1.1" 200 OK
2025-09-20 21:24:53,565 - root - INFO - 🚀 使用完整算法引擎执行月度排产: 批次=MONTHLY_20250919_200606_AE17
2025-09-20 21:24:53,934 - app.algorithms.monthly_scheduling.monthly_scheduling_engine - INFO - 算法执行环境初始化完成: 任务ID MONTHLY_TASK_20250920_212452_F0F1D801
2025-09-20 21:24:53,934 - app.algorithms.monthly_scheduling.monthly_scheduling_engine - INFO - [0.0%] PHASE_1_DATA_LOADING: 算法初始化完成
2025-09-20 21:24:54,124 - app.algorithms.monthly_scheduling.monthly_scheduling_engine - INFO - 开始执行月度排产算法: 批次 MONTHLY_20250919_200606_AE17, 任务 MONTHLY_TASK_20250920_212452_F0F1D801
2025-09-20 21:24:54,125 - app.algorithms.monthly_scheduling.monthly_scheduling_engine - INFO - === Phase 1: 数据加载阶段 ===
2025-09-20 21:24:54,125 - app.algorithms.monthly_scheduling.monthly_scheduling_engine - INFO - [0.0%] PHASE_1_DATA_LOADING: 开始数据加载
2025-09-20 21:24:54,317 - app.algorithms.monthly_scheduling.database_loader - INFO - 开始加载月度批次数据: MONTHLY_20250919_200606_AE17
2025-09-20 21:24:54,460 - app.algorithms.monthly_scheduling.database_loader - INFO - 加载月度计划: 26 条记录
2025-09-20 21:24:54,489 - app.algorithms.monthly_scheduling.database_loader - INFO - 加载机台信息: 卷包机 35 台, 喂丝机 32 台
2025-09-20 21:24:54,516 - app.algorithms.monthly_scheduling.database_loader - INFO - 加载速度配置: 特定配置 0 项, 通配符配置 22 项
2025-09-20 21:24:54,541 - app.algorithms.monthly_scheduling.database_loader - INFO - 加载机台关系: 35 对关系
2025-09-20 21:24:54,568 - app.algorithms.monthly_scheduling.database_loader - INFO - 加载班次配置: 2 个班次
2025-09-20 21:24:54,597 - app.algorithms.monthly_scheduling.database_loader - INFO - 加载工作日历: 2019年7月
2025-09-20 21:24:54,621 - app.algorithms.monthly_scheduling.database_loader - WARNING - 维护计划表为空，算法将忽略维护约束
2025-09-20 21:24:54,621 - app.algorithms.monthly_scheduling.database_loader - INFO - 加载维护计划: 0 个计划
2025-09-20 21:24:54,621 - app.algorithms.monthly_scheduling.database_loader - INFO - 数据完整性验证通过
2025-09-20 21:24:54,621 - app.algorithms.monthly_scheduling.database_loader - INFO - 所有数据加载完成
2025-09-20 21:24:54,621 - app.algorithms.monthly_scheduling.monthly_scheduling_engine - INFO - Phase 1 完成: 加载月度计划 26 个, 卷包机 35 台, 喂丝机 32 台
2025-09-20 21:24:54,621 - app.algorithms.monthly_scheduling.monthly_scheduling_engine - INFO - [16.7%] PHASE_1_DATA_LOADING: 数据加载完成
2025-09-20 21:24:54,693 - app.algorithms.monthly_scheduling.monthly_scheduling_engine - INFO - === Phase 2: 时间窗口计算阶段 ===
2025-09-20 21:24:54,693 - app.algorithms.monthly_scheduling.monthly_scheduling_engine - INFO - [16.7%] PHASE_2_TIME_WINDOWS: 开始时间窗口计算
2025-09-20 21:24:54,882 - app.algorithms.monthly_scheduling.time_window_calculator - INFO - 开始计算机台可用时间窗口
2025-09-20 21:24:54,883 - app.algorithms.monthly_scheduling.time_window_calculator - INFO - 生成基础时间窗口: 40 个时间段
2025-09-20 21:24:54,885 - app.algorithms.monthly_scheduling.time_window_calculator - INFO - 动态计算期望总时长: 20天 × 17.33小时/天 = 346.67小时
2025-09-20 21:24:54,887 - app.algorithms.monthly_scheduling.time_window_calculator - INFO - 时间窗口完整性验证通过
2025-09-20 21:24:54,887 - app.algorithms.monthly_scheduling.time_window_calculator - INFO - 完成时间窗口计算: 35 台机台
2025-09-20 21:24:54,887 - app.algorithms.monthly_scheduling.monthly_scheduling_engine - INFO - Phase 2 完成: 生成 35 台机台的时间窗口, 总计 700 个时间段, 12133.3 小时
2025-09-20 21:24:54,887 - app.algorithms.monthly_scheduling.monthly_scheduling_engine - INFO - [33.3%] PHASE_2_TIME_WINDOWS: 时间窗口计算完成
2025-09-20 21:24:55,076 - app.algorithms.monthly_scheduling.monthly_scheduling_engine - INFO - === Phase 3: 产能计算阶段 ===
2025-09-20 21:24:55,076 - app.algorithms.monthly_scheduling.monthly_scheduling_engine - INFO - [33.3%] PHASE_3_CAPACITY_CALC: 开始产能计算
2025-09-20 21:24:55,268 - app.algorithms.monthly_scheduling.capacity_calculator - INFO - 开始计算卷包机产能矩阵
2025-09-20 21:24:55,276 - app.algorithms.monthly_scheduling.capacity_calculator - INFO - 完成产能计算: 910 个机台-产品组合
2025-09-20 21:24:55,276 - app.algorithms.monthly_scheduling.capacity_calculator - INFO - 验证产能约束
2025-09-20 21:24:55,278 - app.algorithms.monthly_scheduling.capacity_calculator - INFO - 产能约束验证完成: 可生产产品 18/26
2025-09-20 21:24:55,278 - app.algorithms.monthly_scheduling.monthly_scheduling_engine - INFO - Phase 3 完成: 计算 910 个机台-产品组合, 可行组合 630 个 (69.2%)
2025-09-20 21:24:55,278 - app.algorithms.monthly_scheduling.monthly_scheduling_engine - INFO - [50.0%] PHASE_3_CAPACITY_CALC: 产能计算完成
2025-09-20 21:24:55,462 - app.algorithms.monthly_scheduling.monthly_scheduling_engine - INFO - === Phase 4: 调度优化阶段 ===
2025-09-20 21:24:55,462 - app.algorithms.monthly_scheduling.monthly_scheduling_engine - INFO - [50.0%] PHASE_4_OPTIMIZATION: 开始调度优化
2025-09-20 21:24:55,658 - app.algorithms.monthly_scheduling.scheduling_optimizer - INFO - 开始执行调度优化算法
2025-09-20 21:24:55,660 - app.algorithms.monthly_scheduling.scheduling_optimizer - INFO - 产品优先级排序完成: 26 个产品
2025-09-20 21:24:55,660 - app.algorithms.monthly_scheduling.scheduling_optimizer - WARNING - 产品 利群(软长嘴) 没有可用机台
2025-09-20 21:24:55,660 - app.algorithms.monthly_scheduling.scheduling_optimizer - WARNING - 产品 利群(软长嘴) 初次调度失败，加入重试队列
2025-09-20 21:24:55,660 - app.algorithms.monthly_scheduling.scheduling_optimizer - WARNING - 产品 利群（蓝天） 没有可用机台
2025-09-20 21:24:55,660 - app.algorithms.monthly_scheduling.scheduling_optimizer - WARNING - 产品 利群（蓝天） 初次调度失败，加入重试队列
2025-09-20 21:24:55,660 - app.algorithms.monthly_scheduling.scheduling_optimizer - WARNING - 产品 利群（新版） 没有可用机台
2025-09-20 21:24:55,661 - app.algorithms.monthly_scheduling.scheduling_optimizer - WARNING - 产品 利群（新版） 初次调度失败，加入重试队列
2025-09-20 21:24:55,661 - app.algorithms.monthly_scheduling.scheduling_optimizer - WARNING - 产品 利群(软红长嘴) 没有可用机台
2025-09-20 21:24:55,661 - app.algorithms.monthly_scheduling.scheduling_optimizer - WARNING - 产品 利群(软红长嘴) 初次调度失败，加入重试队列
2025-09-20 21:24:55,661 - app.algorithms.monthly_scheduling.scheduling_optimizer - WARNING - 产品 利群(长嘴) 没有可用机台
2025-09-20 21:24:55,661 - app.algorithms.monthly_scheduling.scheduling_optimizer - WARNING - 产品 利群(长嘴) 初次调度失败，加入重试队列
2025-09-20 21:24:55,661 - app.algorithms.monthly_scheduling.scheduling_optimizer - WARNING - 产品 雄狮(红老版) 没有可用机台
2025-09-20 21:24:55,661 - app.algorithms.monthly_scheduling.scheduling_optimizer - WARNING - 产品 雄狮(红老版) 初次调度失败，加入重试队列
2025-09-20 21:24:55,661 - app.algorithms.monthly_scheduling.scheduling_optimizer - WARNING - 产品 利群(阳光) 没有可用机台
2025-09-20 21:24:55,661 - app.algorithms.monthly_scheduling.scheduling_optimizer - WARNING - 产品 利群(阳光) 初次调度失败，加入重试队列
2025-09-20 21:24:55,661 - app.algorithms.monthly_scheduling.scheduling_optimizer - WARNING - 产品 利群(西子阳光) 没有可用机台
2025-09-20 21:24:55,661 - app.algorithms.monthly_scheduling.scheduling_optimizer - WARNING - 产品 利群(西子阳光) 初次调度失败，加入重试队列
2025-09-20 21:24:55,662 - app.algorithms.monthly_scheduling.scheduling_optimizer - INFO - 产品 利群（夜西湖） 需要 237.50小时，启用拆分调度
2025-09-20 21:24:55,662 - app.algorithms.monthly_scheduling.scheduling_optimizer - INFO - 开始大批量产品拆分调度: 利群（夜西湖）, 目标 1900 箱
2025-09-20 21:24:55,662 - app.algorithms.monthly_scheduling.scheduling_optimizer - INFO - ✅ 在机台 A1 分配 136 箱 (17.00小时)
2025-09-20 21:24:55,662 - app.algorithms.monthly_scheduling.scheduling_optimizer - INFO - ✅ 在机台 A2 分配 136 箱 (17.00小时)
2025-09-20 21:24:55,662 - app.algorithms.monthly_scheduling.scheduling_optimizer - INFO - ✅ 在机台 A3 分配 136 箱 (17.00小时)
2025-09-20 21:24:55,662 - app.algorithms.monthly_scheduling.scheduling_optimizer - INFO - ✅ 在机台 A4 分配 136 箱 (17.00小时)
2025-09-20 21:24:55,663 - app.algorithms.monthly_scheduling.scheduling_optimizer - INFO - ✅ 在机台 A5 分配 136 箱 (17.00小时)
2025-09-20 21:24:55,663 - app.algorithms.monthly_scheduling.scheduling_optimizer - INFO - ✅ 在机台 A6 分配 136 箱 (17.00小时)
2025-09-20 21:24:55,663 - app.algorithms.monthly_scheduling.scheduling_optimizer - INFO - ✅ 在机台 A7 分配 136 箱 (17.00小时)
2025-09-20 21:24:55,663 - app.algorithms.monthly_scheduling.scheduling_optimizer - INFO - ✅ 在机台 A8 分配 136 箱 (17.00小时)
2025-09-20 21:24:55,663 - app.algorithms.monthly_scheduling.scheduling_optimizer - INFO - ✅ 在机台 A9 分配 136 箱 (17.00小时)
2025-09-20 21:24:55,663 - app.algorithms.monthly_scheduling.scheduling_optimizer - INFO - ✅ 在机台 B1 分配 136 箱 (17.00小时)
2025-09-20 21:24:55,664 - app.algorithms.monthly_scheduling.scheduling_optimizer - INFO - ✅ 在机台 B2 分配 136 箱 (17.00小时)
2025-09-20 21:24:55,664 - app.algorithms.monthly_scheduling.scheduling_optimizer - INFO - ✅ 在机台 B3 分配 136 箱 (17.00小时)
2025-09-20 21:24:55,664 - app.algorithms.monthly_scheduling.scheduling_optimizer - INFO - ✅ 在机台 B4 分配 136 箱 (17.00小时)
2025-09-20 21:24:55,664 - app.algorithms.monthly_scheduling.scheduling_optimizer - INFO - ✅ 在机台 B5 分配 132 箱 (16.50小时)
2025-09-20 21:24:55,664 - app.algorithms.monthly_scheduling.scheduling_optimizer - INFO - 产品 利群（西湖恋） 需要 212.50小时，启用拆分调度
2025-09-20 21:24:55,665 - app.algorithms.monthly_scheduling.scheduling_optimizer - INFO - 开始大批量产品拆分调度: 利群（西湖恋）, 目标 1700 箱
2025-09-20 21:24:55,665 - app.algorithms.monthly_scheduling.scheduling_optimizer - INFO - ✅ 在机台 A1 分配 136 箱 (17.00小时)
2025-09-20 21:24:55,665 - app.algorithms.monthly_scheduling.scheduling_optimizer - INFO - ✅ 在机台 A2 分配 136 箱 (17.00小时)
2025-09-20 21:24:55,665 - app.algorithms.monthly_scheduling.scheduling_optimizer - INFO - ✅ 在机台 A3 分配 136 箱 (17.00小时)
2025-09-20 21:24:55,665 - app.algorithms.monthly_scheduling.scheduling_optimizer - INFO - ✅ 在机台 A4 分配 136 箱 (17.00小时)
2025-09-20 21:24:55,665 - app.algorithms.monthly_scheduling.scheduling_optimizer - INFO - ✅ 在机台 A5 分配 136 箱 (17.00小时)
2025-09-20 21:24:55,665 - app.algorithms.monthly_scheduling.scheduling_optimizer - INFO - ✅ 在机台 A6 分配 136 箱 (17.00小时)
2025-09-20 21:24:55,666 - app.algorithms.monthly_scheduling.scheduling_optimizer - INFO - ✅ 在机台 A7 分配 136 箱 (17.00小时)
2025-09-20 21:24:55,666 - app.algorithms.monthly_scheduling.scheduling_optimizer - INFO - ✅ 在机台 A8 分配 136 箱 (17.00小时)
2025-09-20 21:24:55,666 - app.algorithms.monthly_scheduling.scheduling_optimizer - INFO - ✅ 在机台 A9 分配 136 箱 (17.00小时)
2025-09-20 21:24:55,666 - app.algorithms.monthly_scheduling.scheduling_optimizer - INFO - ✅ 在机台 B1 分配 136 箱 (17.00小时)
2025-09-20 21:24:55,666 - app.algorithms.monthly_scheduling.scheduling_optimizer - INFO - ✅ 在机台 B2 分配 136 箱 (17.00小时)
2025-09-20 21:24:55,666 - app.algorithms.monthly_scheduling.scheduling_optimizer - INFO - ✅ 在机台 B3 分配 136 箱 (17.00小时)
2025-09-20 21:24:55,667 - app.algorithms.monthly_scheduling.scheduling_optimizer - INFO - ✅ 在机台 B4 分配 68 箱 (8.50小时)
2025-09-20 21:24:55,667 - app.algorithms.monthly_scheduling.scheduling_optimizer - INFO - 产品 利群（江南韵） 需要 187.50小时，启用拆分调度
2025-09-20 21:24:55,667 - app.algorithms.monthly_scheduling.scheduling_optimizer - INFO - 开始大批量产品拆分调度: 利群（江南韵）, 目标 1500 箱
2025-09-20 21:24:55,667 - app.algorithms.monthly_scheduling.scheduling_optimizer - INFO - ✅ 在机台 A1 分配 136 箱 (17.00小时)
2025-09-20 21:24:55,668 - app.algorithms.monthly_scheduling.scheduling_optimizer - INFO - ✅ 在机台 A2 分配 136 箱 (17.00小时)
2025-09-20 21:24:55,668 - app.algorithms.monthly_scheduling.scheduling_optimizer - INFO - ✅ 在机台 A3 分配 136 箱 (17.00小时)
2025-09-20 21:24:55,668 - app.algorithms.monthly_scheduling.scheduling_optimizer - INFO - ✅ 在机台 A4 分配 136 箱 (17.00小时)
2025-09-20 21:24:55,668 - app.algorithms.monthly_scheduling.scheduling_optimizer - INFO - ✅ 在机台 A5 分配 136 箱 (17.00小时)
2025-09-20 21:24:55,668 - app.algorithms.monthly_scheduling.scheduling_optimizer - INFO - ✅ 在机台 A6 分配 136 箱 (17.00小时)
2025-09-20 21:24:55,669 - app.algorithms.monthly_scheduling.scheduling_optimizer - INFO - ✅ 在机台 A7 分配 136 箱 (17.00小时)
2025-09-20 21:24:55,669 - app.algorithms.monthly_scheduling.scheduling_optimizer - INFO - ✅ 在机台 A8 分配 136 箱 (17.00小时)
2025-09-20 21:24:55,669 - app.algorithms.monthly_scheduling.scheduling_optimizer - INFO - ✅ 在机台 A9 分配 136 箱 (17.00小时)
2025-09-20 21:24:55,669 - app.algorithms.monthly_scheduling.scheduling_optimizer - INFO - ✅ 在机台 B1 分配 136 箱 (17.00小时)
2025-09-20 21:24:55,670 - app.algorithms.monthly_scheduling.scheduling_optimizer - INFO - ✅ 在机台 B2 分配 136 箱 (17.00小时)
2025-09-20 21:24:55,670 - app.algorithms.monthly_scheduling.scheduling_optimizer - INFO - ✅ 在机台 B3 分配 4 箱 (0.50小时)
2025-09-20 21:24:55,670 - app.algorithms.monthly_scheduling.scheduling_optimizer - INFO - 产品 利群（阳光橙中支） 需要 150.00小时，启用拆分调度
2025-09-20 21:24:55,670 - app.algorithms.monthly_scheduling.scheduling_optimizer - INFO - 开始大批量产品拆分调度: 利群（阳光橙中支）, 目标 1200 箱
2025-09-20 21:24:55,670 - app.algorithms.monthly_scheduling.scheduling_optimizer - INFO - ✅ 在机台 A1 分配 136 箱 (17.00小时)
2025-09-20 21:24:55,671 - app.algorithms.monthly_scheduling.scheduling_optimizer - INFO - ✅ 在机台 A2 分配 136 箱 (17.00小时)
2025-09-20 21:24:55,671 - app.algorithms.monthly_scheduling.scheduling_optimizer - INFO - ✅ 在机台 A3 分配 136 箱 (17.00小时)
2025-09-20 21:24:55,671 - app.algorithms.monthly_scheduling.scheduling_optimizer - INFO - ✅ 在机台 A4 分配 136 箱 (17.00小时)
2025-09-20 21:24:55,671 - app.algorithms.monthly_scheduling.scheduling_optimizer - INFO - ✅ 在机台 A5 分配 136 箱 (17.00小时)
2025-09-20 21:24:55,671 - app.algorithms.monthly_scheduling.scheduling_optimizer - INFO - ✅ 在机台 A6 分配 136 箱 (17.00小时)
2025-09-20 21:24:55,671 - app.algorithms.monthly_scheduling.scheduling_optimizer - INFO - ✅ 在机台 A7 分配 136 箱 (17.00小时)
2025-09-20 21:24:55,672 - app.algorithms.monthly_scheduling.scheduling_optimizer - INFO - ✅ 在机台 A8 分配 136 箱 (17.00小时)
2025-09-20 21:24:55,672 - app.algorithms.monthly_scheduling.scheduling_optimizer - INFO - ✅ 在机台 A9 分配 112 箱 (14.00小时)
2025-09-20 21:24:55,672 - app.algorithms.monthly_scheduling.scheduling_optimizer - INFO - 产品 雄狮(红) 需要 150.00小时，启用拆分调度
2025-09-20 21:24:55,672 - app.algorithms.monthly_scheduling.scheduling_optimizer - INFO - 开始大批量产品拆分调度: 雄狮(红), 目标 1200 箱
2025-09-20 21:24:55,672 - app.algorithms.monthly_scheduling.scheduling_optimizer - INFO - ✅ 在机台 A1 分配 136 箱 (17.00小时)
2025-09-20 21:24:55,672 - app.algorithms.monthly_scheduling.scheduling_optimizer - INFO - ✅ 在机台 A2 分配 136 箱 (17.00小时)
2025-09-20 21:24:55,673 - app.algorithms.monthly_scheduling.scheduling_optimizer - INFO - ✅ 在机台 A3 分配 136 箱 (17.00小时)
2025-09-20 21:24:55,673 - app.algorithms.monthly_scheduling.scheduling_optimizer - INFO - ✅ 在机台 A4 分配 136 箱 (17.00小时)
2025-09-20 21:24:55,673 - app.algorithms.monthly_scheduling.scheduling_optimizer - INFO - ✅ 在机台 A5 分配 136 箱 (17.00小时)
2025-09-20 21:24:55,673 - app.algorithms.monthly_scheduling.scheduling_optimizer - INFO - ✅ 在机台 A6 分配 136 箱 (17.00小时)
2025-09-20 21:24:55,673 - app.algorithms.monthly_scheduling.scheduling_optimizer - INFO - ✅ 在机台 A7 分配 136 箱 (17.00小时)
2025-09-20 21:24:55,673 - app.algorithms.monthly_scheduling.scheduling_optimizer - INFO - ✅ 在机台 A8 分配 136 箱 (17.00小时)
2025-09-20 21:24:55,674 - app.algorithms.monthly_scheduling.scheduling_optimizer - INFO - ✅ 在机台 A9 分配 112 箱 (14.00小时)
2025-09-20 21:24:55,674 - app.algorithms.monthly_scheduling.scheduling_optimizer - INFO - 产品 利群(新二代) 需要 122.50小时，启用拆分调度
2025-09-20 21:24:55,674 - app.algorithms.monthly_scheduling.scheduling_optimizer - INFO - 开始大批量产品拆分调度: 利群(新二代), 目标 980 箱
2025-09-20 21:24:55,674 - app.algorithms.monthly_scheduling.scheduling_optimizer - INFO - ✅ 在机台 A1 分配 136 箱 (17.00小时)
2025-09-20 21:24:55,674 - app.algorithms.monthly_scheduling.scheduling_optimizer - INFO - ✅ 在机台 A2 分配 136 箱 (17.00小时)
2025-09-20 21:24:55,674 - app.algorithms.monthly_scheduling.scheduling_optimizer - INFO - ✅ 在机台 A3 分配 136 箱 (17.00小时)
2025-09-20 21:24:55,674 - app.algorithms.monthly_scheduling.scheduling_optimizer - INFO - ✅ 在机台 A4 分配 136 箱 (17.00小时)
2025-09-20 21:24:55,675 - app.algorithms.monthly_scheduling.scheduling_optimizer - INFO - ✅ 在机台 A5 分配 136 箱 (17.00小时)
2025-09-20 21:24:55,675 - app.algorithms.monthly_scheduling.scheduling_optimizer - INFO - ✅ 在机台 A6 分配 136 箱 (17.00小时)
2025-09-20 21:24:55,675 - app.algorithms.monthly_scheduling.scheduling_optimizer - INFO - ✅ 在机台 A7 分配 136 箱 (17.00小时)
2025-09-20 21:24:55,675 - app.algorithms.monthly_scheduling.scheduling_optimizer - INFO - ✅ 在机台 A8 分配 28 箱 (3.50小时)
2025-09-20 21:24:55,675 - app.algorithms.monthly_scheduling.scheduling_optimizer - INFO - 产品 利群(软红长嘴硬化) 需要 62.50小时，启用拆分调度
2025-09-20 21:24:55,675 - app.algorithms.monthly_scheduling.scheduling_optimizer - INFO - 开始大批量产品拆分调度: 利群(软红长嘴硬化), 目标 500 箱
2025-09-20 21:24:55,676 - app.algorithms.monthly_scheduling.scheduling_optimizer - INFO - ✅ 在机台 A1 分配 136 箱 (17.00小时)
2025-09-20 21:24:55,676 - app.algorithms.monthly_scheduling.scheduling_optimizer - INFO - ✅ 在机台 A2 分配 136 箱 (17.00小时)
2025-09-20 21:24:55,676 - app.algorithms.monthly_scheduling.scheduling_optimizer - INFO - ✅ 在机台 A3 分配 136 箱 (17.00小时)
2025-09-20 21:24:55,676 - app.algorithms.monthly_scheduling.scheduling_optimizer - INFO - ✅ 在机台 A4 分配 92 箱 (11.50小时)
2025-09-20 21:24:55,676 - app.algorithms.monthly_scheduling.scheduling_optimizer - INFO - 产品 利群(软金色阳光) 需要 52.50小时，启用拆分调度
2025-09-20 21:24:55,676 - app.algorithms.monthly_scheduling.scheduling_optimizer - INFO - 开始大批量产品拆分调度: 利群(软金色阳光), 目标 420 箱
2025-09-20 21:24:55,676 - app.algorithms.monthly_scheduling.scheduling_optimizer - INFO - ✅ 在机台 A1 分配 136 箱 (17.00小时)
2025-09-20 21:24:55,677 - app.algorithms.monthly_scheduling.scheduling_optimizer - INFO - ✅ 在机台 A2 分配 136 箱 (17.00小时)
2025-09-20 21:24:55,677 - app.algorithms.monthly_scheduling.scheduling_optimizer - INFO - ✅ 在机台 A3 分配 136 箱 (17.00小时)
2025-09-20 21:24:55,677 - app.algorithms.monthly_scheduling.scheduling_optimizer - INFO - ✅ 在机台 A4 分配 12 箱 (1.50小时)
2025-09-20 21:24:55,677 - app.algorithms.monthly_scheduling.scheduling_optimizer - INFO - 产品 利群（红利) 需要 43.75小时，启用拆分调度
2025-09-20 21:24:55,677 - app.algorithms.monthly_scheduling.scheduling_optimizer - INFO - 开始大批量产品拆分调度: 利群（红利), 目标 350 箱
2025-09-20 21:24:55,677 - app.algorithms.monthly_scheduling.scheduling_optimizer - INFO - ✅ 在机台 A1 分配 136 箱 (17.00小时)
2025-09-20 21:24:55,678 - app.algorithms.monthly_scheduling.scheduling_optimizer - INFO - ✅ 在机台 A2 分配 136 箱 (17.00小时)
2025-09-20 21:24:55,678 - app.algorithms.monthly_scheduling.scheduling_optimizer - INFO - ✅ 在机台 A3 分配 78 箱 (9.75小时)
2025-09-20 21:24:55,678 - app.algorithms.monthly_scheduling.scheduling_optimizer - INFO - 产品 利群(休闲云端） 需要 36.25小时，启用拆分调度
2025-09-20 21:24:55,678 - app.algorithms.monthly_scheduling.scheduling_optimizer - INFO - 开始大批量产品拆分调度: 利群(休闲云端）, 目标 290 箱
2025-09-20 21:24:55,678 - app.algorithms.monthly_scheduling.scheduling_optimizer - INFO - ✅ 在机台 A1 分配 136 箱 (17.00小时)
2025-09-20 21:24:55,678 - app.algorithms.monthly_scheduling.scheduling_optimizer - INFO - ✅ 在机台 A2 分配 136 箱 (17.00小时)
2025-09-20 21:24:55,679 - app.algorithms.monthly_scheduling.scheduling_optimizer - INFO - ✅ 在机台 A3 分配 18 箱 (2.25小时)
2025-09-20 21:24:55,679 - app.algorithms.monthly_scheduling.scheduling_optimizer - INFO - ✅ 成功调度产品 利群(软长嘴国际版) 到机台 A1
2025-09-20 21:24:55,679 - app.algorithms.monthly_scheduling.scheduling_optimizer - INFO - ✅ 成功调度产品 利群（阳光国际版） 到机台 A2
2025-09-20 21:24:55,680 - app.algorithms.monthly_scheduling.scheduling_optimizer - INFO - ✅ 成功调度产品 利群（阳光菲律宾） 到机台 A3
2025-09-20 21:24:55,680 - app.algorithms.monthly_scheduling.scheduling_optimizer - INFO - ✅ 成功调度产品 利群（阳光HK） 到机台 A4
2025-09-20 21:24:55,680 - app.algorithms.monthly_scheduling.scheduling_optimizer - INFO - ✅ 成功调度产品 利群（阳光台湾） 到机台 A5
2025-09-20 21:24:55,680 - app.algorithms.monthly_scheduling.scheduling_optimizer - INFO - ✅ 成功调度产品 利群（阳光澳门免税） 到机台 A6
2025-09-20 21:24:55,681 - app.algorithms.monthly_scheduling.scheduling_optimizer - INFO - ✅ 成功调度产品 利群（阳光马来西亚） 到机台 A7
2025-09-20 21:24:55,681 - app.algorithms.monthly_scheduling.scheduling_optimizer - INFO - ✅ 成功调度产品 利群(软长嘴英文) 到机台 A8
2025-09-20 21:24:55,681 - app.algorithms.monthly_scheduling.scheduling_optimizer - INFO - 开始重试调度: 8 个产品
2025-09-20 21:24:55,681 - app.algorithms.monthly_scheduling.scheduling_optimizer - INFO - 时间窗口合并完成: 20 -> 20 个窗口
2025-09-20 21:24:55,682 - app.algorithms.monthly_scheduling.scheduling_optimizer - INFO - 时间窗口合并完成: 20 -> 20 个窗口
2025-09-20 21:24:55,682 - app.algorithms.monthly_scheduling.scheduling_optimizer - INFO - 时间窗口合并完成: 20 -> 20 个窗口
2025-09-20 21:24:55,682 - app.algorithms.monthly_scheduling.scheduling_optimizer - INFO - 时间窗口合并完成: 20 -> 20 个窗口
2025-09-20 21:24:55,682 - app.algorithms.monthly_scheduling.scheduling_optimizer - INFO - 时间窗口合并完成: 20 -> 20 个窗口
2025-09-20 21:24:55,682 - app.algorithms.monthly_scheduling.scheduling_optimizer - INFO - 时间窗口合并完成: 20 -> 20 个窗口
2025-09-20 21:24:55,682 - app.algorithms.monthly_scheduling.scheduling_optimizer - INFO - 时间窗口合并完成: 20 -> 20 个窗口
2025-09-20 21:24:55,683 - app.algorithms.monthly_scheduling.scheduling_optimizer - INFO - 时间窗口合并完成: 20 -> 20 个窗口
2025-09-20 21:24:55,683 - app.algorithms.monthly_scheduling.scheduling_optimizer - INFO - 时间窗口合并完成: 20 -> 20 个窗口
2025-09-20 21:24:55,683 - app.algorithms.monthly_scheduling.scheduling_optimizer - INFO - 时间窗口合并完成: 20 -> 20 个窗口
2025-09-20 21:24:55,683 - app.algorithms.monthly_scheduling.scheduling_optimizer - INFO - 时间窗口合并完成: 20 -> 20 个窗口
2025-09-20 21:24:55,683 - app.algorithms.monthly_scheduling.scheduling_optimizer - INFO - 时间窗口合并完成: 20 -> 20 个窗口
2025-09-20 21:24:55,684 - app.algorithms.monthly_scheduling.scheduling_optimizer - INFO - 时间窗口合并完成: 20 -> 20 个窗口
2025-09-20 21:24:55,684 - app.algorithms.monthly_scheduling.scheduling_optimizer - INFO - 时间窗口合并完成: 20 -> 20 个窗口
2025-09-20 21:24:55,684 - app.algorithms.monthly_scheduling.scheduling_optimizer - INFO - 时间窗口合并完成: 20 -> 20 个窗口
2025-09-20 21:24:55,684 - app.algorithms.monthly_scheduling.scheduling_optimizer - INFO - 时间窗口合并完成: 20 -> 20 个窗口
2025-09-20 21:24:55,684 - app.algorithms.monthly_scheduling.scheduling_optimizer - INFO - 时间窗口合并完成: 20 -> 20 个窗口
2025-09-20 21:24:55,684 - app.algorithms.monthly_scheduling.scheduling_optimizer - INFO - 时间窗口合并完成: 20 -> 20 个窗口
2025-09-20 21:24:55,685 - app.algorithms.monthly_scheduling.scheduling_optimizer - INFO - 时间窗口合并完成: 20 -> 20 个窗口
2025-09-20 21:24:55,685 - app.algorithms.monthly_scheduling.scheduling_optimizer - INFO - 时间窗口合并完成: 20 -> 20 个窗口
2025-09-20 21:24:55,685 - app.algorithms.monthly_scheduling.scheduling_optimizer - INFO - 时间窗口合并完成: 20 -> 20 个窗口
2025-09-20 21:24:55,685 - app.algorithms.monthly_scheduling.scheduling_optimizer - INFO - 时间窗口合并完成: 20 -> 20 个窗口
2025-09-20 21:24:55,686 - app.algorithms.monthly_scheduling.scheduling_optimizer - INFO - 时间窗口合并完成: 20 -> 20 个窗口
2025-09-20 21:24:55,686 - app.algorithms.monthly_scheduling.scheduling_optimizer - INFO - 时间窗口合并完成: 20 -> 20 个窗口
2025-09-20 21:24:55,686 - app.algorithms.monthly_scheduling.scheduling_optimizer - INFO - 时间窗口合并完成: 20 -> 20 个窗口
2025-09-20 21:24:55,686 - app.algorithms.monthly_scheduling.scheduling_optimizer - INFO - 时间窗口合并完成: 20 -> 20 个窗口
2025-09-20 21:24:55,686 - app.algorithms.monthly_scheduling.scheduling_optimizer - INFO - 时间窗口合并完成: 20 -> 20 个窗口
2025-09-20 21:24:55,687 - app.algorithms.monthly_scheduling.scheduling_optimizer - INFO - 时间窗口合并完成: 20 -> 20 个窗口
2025-09-20 21:24:55,687 - app.algorithms.monthly_scheduling.scheduling_optimizer - INFO - 时间窗口合并完成: 20 -> 20 个窗口
2025-09-20 21:24:55,687 - app.algorithms.monthly_scheduling.scheduling_optimizer - INFO - 时间窗口合并完成: 20 -> 20 个窗口
2025-09-20 21:24:55,687 - app.algorithms.monthly_scheduling.scheduling_optimizer - INFO - 时间窗口合并完成: 20 -> 20 个窗口
2025-09-20 21:24:55,687 - app.algorithms.monthly_scheduling.scheduling_optimizer - INFO - 时间窗口合并完成: 20 -> 20 个窗口
2025-09-20 21:24:55,688 - app.algorithms.monthly_scheduling.scheduling_optimizer - INFO - 时间窗口合并完成: 20 -> 20 个窗口
2025-09-20 21:24:55,688 - app.algorithms.monthly_scheduling.scheduling_optimizer - INFO - 时间窗口合并完成: 20 -> 20 个窗口
2025-09-20 21:24:55,688 - app.algorithms.monthly_scheduling.scheduling_optimizer - INFO - 时间窗口合并完成: 20 -> 20 个窗口
2025-09-20 21:24:55,688 - app.algorithms.monthly_scheduling.scheduling_optimizer - WARNING - 产品 利群(软长嘴) 拆分后仍有 22700 箱未分配
2025-09-20 21:24:55,688 - app.algorithms.monthly_scheduling.scheduling_optimizer - ERROR - 产品 利群(软长嘴) 最终调度失败
2025-09-20 21:24:55,689 - app.algorithms.monthly_scheduling.scheduling_optimizer - INFO - 时间窗口合并完成: 20 -> 20 个窗口
2025-09-20 21:24:55,689 - app.algorithms.monthly_scheduling.scheduling_optimizer - INFO - 时间窗口合并完成: 20 -> 20 个窗口
2025-09-20 21:24:55,689 - app.algorithms.monthly_scheduling.scheduling_optimizer - INFO - 时间窗口合并完成: 20 -> 20 个窗口
2025-09-20 21:24:55,689 - app.algorithms.monthly_scheduling.scheduling_optimizer - INFO - 时间窗口合并完成: 20 -> 20 个窗口
2025-09-20 21:24:55,689 - app.algorithms.monthly_scheduling.scheduling_optimizer - INFO - 时间窗口合并完成: 20 -> 20 个窗口
2025-09-20 21:24:55,689 - app.algorithms.monthly_scheduling.scheduling_optimizer - INFO - 时间窗口合并完成: 20 -> 20 个窗口
2025-09-20 21:24:55,690 - app.algorithms.monthly_scheduling.scheduling_optimizer - INFO - 时间窗口合并完成: 20 -> 20 个窗口
2025-09-20 21:24:55,690 - app.algorithms.monthly_scheduling.scheduling_optimizer - INFO - 时间窗口合并完成: 20 -> 20 个窗口
2025-09-20 21:24:55,690 - app.algorithms.monthly_scheduling.scheduling_optimizer - INFO - 时间窗口合并完成: 20 -> 20 个窗口
2025-09-20 21:24:55,690 - app.algorithms.monthly_scheduling.scheduling_optimizer - INFO - 时间窗口合并完成: 20 -> 20 个窗口
2025-09-20 21:24:55,690 - app.algorithms.monthly_scheduling.scheduling_optimizer - INFO - 时间窗口合并完成: 20 -> 20 个窗口
2025-09-20 21:24:55,690 - app.algorithms.monthly_scheduling.scheduling_optimizer - INFO - 时间窗口合并完成: 20 -> 20 个窗口
2025-09-20 21:24:55,691 - app.algorithms.monthly_scheduling.scheduling_optimizer - INFO - 时间窗口合并完成: 20 -> 20 个窗口
2025-09-20 21:24:55,691 - app.algorithms.monthly_scheduling.scheduling_optimizer - INFO - 时间窗口合并完成: 20 -> 20 个窗口
2025-09-20 21:24:55,691 - app.algorithms.monthly_scheduling.scheduling_optimizer - INFO - 时间窗口合并完成: 20 -> 20 个窗口
2025-09-20 21:24:55,691 - app.algorithms.monthly_scheduling.scheduling_optimizer - INFO - 时间窗口合并完成: 20 -> 20 个窗口
2025-09-20 21:24:55,691 - app.algorithms.monthly_scheduling.scheduling_optimizer - INFO - 时间窗口合并完成: 20 -> 20 个窗口
2025-09-20 21:24:55,691 - app.algorithms.monthly_scheduling.scheduling_optimizer - INFO - 时间窗口合并完成: 20 -> 20 个窗口
2025-09-20 21:24:55,692 - app.algorithms.monthly_scheduling.scheduling_optimizer - INFO - 时间窗口合并完成: 20 -> 20 个窗口
2025-09-20 21:24:55,692 - app.algorithms.monthly_scheduling.scheduling_optimizer - INFO - 时间窗口合并完成: 20 -> 20 个窗口
2025-09-20 21:24:55,692 - app.algorithms.monthly_scheduling.scheduling_optimizer - INFO - 时间窗口合并完成: 20 -> 20 个窗口
2025-09-20 21:24:55,692 - app.algorithms.monthly_scheduling.scheduling_optimizer - INFO - 时间窗口合并完成: 20 -> 20 个窗口
2025-09-20 21:24:55,692 - app.algorithms.monthly_scheduling.scheduling_optimizer - INFO - 时间窗口合并完成: 20 -> 20 个窗口
2025-09-20 21:24:55,692 - app.algorithms.monthly_scheduling.scheduling_optimizer - INFO - 时间窗口合并完成: 20 -> 20 个窗口
2025-09-20 21:24:55,693 - app.algorithms.monthly_scheduling.scheduling_optimizer - INFO - 时间窗口合并完成: 20 -> 20 个窗口
2025-09-20 21:24:55,693 - app.algorithms.monthly_scheduling.scheduling_optimizer - INFO - 时间窗口合并完成: 20 -> 20 个窗口
2025-09-20 21:24:55,693 - app.algorithms.monthly_scheduling.scheduling_optimizer - INFO - 时间窗口合并完成: 20 -> 20 个窗口
2025-09-20 21:24:55,693 - app.algorithms.monthly_scheduling.scheduling_optimizer - INFO - 时间窗口合并完成: 20 -> 20 个窗口
2025-09-20 21:24:55,693 - app.algorithms.monthly_scheduling.scheduling_optimizer - INFO - 时间窗口合并完成: 20 -> 20 个窗口
2025-09-20 21:24:55,694 - app.algorithms.monthly_scheduling.scheduling_optimizer - INFO - 时间窗口合并完成: 20 -> 20 个窗口
2025-09-20 21:24:55,694 - app.algorithms.monthly_scheduling.scheduling_optimizer - INFO - 时间窗口合并完成: 20 -> 20 个窗口
2025-09-20 21:24:55,694 - app.algorithms.monthly_scheduling.scheduling_optimizer - INFO - 时间窗口合并完成: 20 -> 20 个窗口
2025-09-20 21:24:55,694 - app.algorithms.monthly_scheduling.scheduling_optimizer - INFO - 时间窗口合并完成: 20 -> 20 个窗口
2025-09-20 21:24:55,694 - app.algorithms.monthly_scheduling.scheduling_optimizer - INFO - 时间窗口合并完成: 20 -> 20 个窗口
2025-09-20 21:24:55,695 - app.algorithms.monthly_scheduling.scheduling_optimizer - INFO - 时间窗口合并完成: 20 -> 20 个窗口
2025-09-20 21:24:55,695 - app.algorithms.monthly_scheduling.scheduling_optimizer - WARNING - 产品 利群（蓝天） 拆分后仍有 13500 箱未分配
2025-09-20 21:24:55,695 - app.algorithms.monthly_scheduling.scheduling_optimizer - ERROR - 产品 利群（蓝天） 最终调度失败
2025-09-20 21:24:55,695 - app.algorithms.monthly_scheduling.scheduling_optimizer - INFO - 时间窗口合并完成: 20 -> 20 个窗口
2025-09-20 21:24:55,695 - app.algorithms.monthly_scheduling.scheduling_optimizer - INFO - 时间窗口合并完成: 20 -> 20 个窗口
2025-09-20 21:24:55,695 - app.algorithms.monthly_scheduling.scheduling_optimizer - INFO - 时间窗口合并完成: 20 -> 20 个窗口
2025-09-20 21:24:55,695 - app.algorithms.monthly_scheduling.scheduling_optimizer - INFO - 时间窗口合并完成: 20 -> 20 个窗口
2025-09-20 21:24:55,696 - app.algorithms.monthly_scheduling.scheduling_optimizer - INFO - 时间窗口合并完成: 20 -> 20 个窗口
2025-09-20 21:24:55,696 - app.algorithms.monthly_scheduling.scheduling_optimizer - INFO - 时间窗口合并完成: 20 -> 20 个窗口
2025-09-20 21:24:55,696 - app.algorithms.monthly_scheduling.scheduling_optimizer - INFO - 时间窗口合并完成: 20 -> 20 个窗口
2025-09-20 21:24:55,696 - app.algorithms.monthly_scheduling.scheduling_optimizer - INFO - 时间窗口合并完成: 20 -> 20 个窗口
2025-09-20 21:24:55,696 - app.algorithms.monthly_scheduling.scheduling_optimizer - INFO - 时间窗口合并完成: 20 -> 20 个窗口
2025-09-20 21:24:55,696 - app.algorithms.monthly_scheduling.scheduling_optimizer - INFO - 时间窗口合并完成: 20 -> 20 个窗口
2025-09-20 21:24:55,697 - app.algorithms.monthly_scheduling.scheduling_optimizer - INFO - 时间窗口合并完成: 20 -> 20 个窗口
2025-09-20 21:24:55,697 - app.algorithms.monthly_scheduling.scheduling_optimizer - INFO - 时间窗口合并完成: 20 -> 20 个窗口
2025-09-20 21:24:55,697 - app.algorithms.monthly_scheduling.scheduling_optimizer - INFO - 时间窗口合并完成: 20 -> 20 个窗口
2025-09-20 21:24:55,697 - app.algorithms.monthly_scheduling.scheduling_optimizer - INFO - 时间窗口合并完成: 20 -> 20 个窗口
2025-09-20 21:24:55,697 - app.algorithms.monthly_scheduling.scheduling_optimizer - INFO - 时间窗口合并完成: 20 -> 20 个窗口
2025-09-20 21:24:55,697 - app.algorithms.monthly_scheduling.scheduling_optimizer - INFO - 时间窗口合并完成: 20 -> 20 个窗口
2025-09-20 21:24:55,698 - app.algorithms.monthly_scheduling.scheduling_optimizer - INFO - 时间窗口合并完成: 20 -> 20 个窗口
2025-09-20 21:24:55,698 - app.algorithms.monthly_scheduling.scheduling_optimizer - INFO - 时间窗口合并完成: 20 -> 20 个窗口
2025-09-20 21:24:55,698 - app.algorithms.monthly_scheduling.scheduling_optimizer - INFO - 时间窗口合并完成: 20 -> 20 个窗口
2025-09-20 21:24:55,698 - app.algorithms.monthly_scheduling.scheduling_optimizer - INFO - 时间窗口合并完成: 20 -> 20 个窗口
2025-09-20 21:24:55,698 - app.algorithms.monthly_scheduling.scheduling_optimizer - INFO - 时间窗口合并完成: 20 -> 20 个窗口
2025-09-20 21:24:55,698 - app.algorithms.monthly_scheduling.scheduling_optimizer - INFO - 时间窗口合并完成: 20 -> 20 个窗口
2025-09-20 21:24:55,699 - app.algorithms.monthly_scheduling.scheduling_optimizer - INFO - 时间窗口合并完成: 20 -> 20 个窗口
2025-09-20 21:24:55,699 - app.algorithms.monthly_scheduling.scheduling_optimizer - INFO - 时间窗口合并完成: 20 -> 20 个窗口
2025-09-20 21:24:55,699 - app.algorithms.monthly_scheduling.scheduling_optimizer - INFO - 时间窗口合并完成: 20 -> 20 个窗口
2025-09-20 21:24:55,699 - app.algorithms.monthly_scheduling.scheduling_optimizer - INFO - 时间窗口合并完成: 20 -> 20 个窗口
2025-09-20 21:24:55,699 - app.algorithms.monthly_scheduling.scheduling_optimizer - INFO - 时间窗口合并完成: 20 -> 20 个窗口
2025-09-20 21:24:55,699 - app.algorithms.monthly_scheduling.scheduling_optimizer - INFO - 时间窗口合并完成: 20 -> 20 个窗口
2025-09-20 21:24:55,700 - app.algorithms.monthly_scheduling.scheduling_optimizer - INFO - 时间窗口合并完成: 20 -> 20 个窗口
2025-09-20 21:24:55,700 - app.algorithms.monthly_scheduling.scheduling_optimizer - INFO - 时间窗口合并完成: 20 -> 20 个窗口
2025-09-20 21:24:55,700 - app.algorithms.monthly_scheduling.scheduling_optimizer - INFO - 时间窗口合并完成: 20 -> 20 个窗口
2025-09-20 21:24:55,700 - app.algorithms.monthly_scheduling.scheduling_optimizer - INFO - 时间窗口合并完成: 20 -> 20 个窗口
2025-09-20 21:24:55,700 - app.algorithms.monthly_scheduling.scheduling_optimizer - INFO - 时间窗口合并完成: 20 -> 20 个窗口
2025-09-20 21:24:55,701 - app.algorithms.monthly_scheduling.scheduling_optimizer - INFO - 时间窗口合并完成: 20 -> 20 个窗口
2025-09-20 21:24:55,701 - app.algorithms.monthly_scheduling.scheduling_optimizer - INFO - 时间窗口合并完成: 20 -> 20 个窗口
2025-09-20 21:24:55,701 - app.algorithms.monthly_scheduling.scheduling_optimizer - WARNING - 产品 利群（新版） 拆分后仍有 12200 箱未分配
2025-09-20 21:24:55,701 - app.algorithms.monthly_scheduling.scheduling_optimizer - ERROR - 产品 利群（新版） 最终调度失败
2025-09-20 21:24:55,701 - app.algorithms.monthly_scheduling.scheduling_optimizer - INFO - 时间窗口合并完成: 20 -> 20 个窗口
2025-09-20 21:24:55,701 - app.algorithms.monthly_scheduling.scheduling_optimizer - INFO - 时间窗口合并完成: 20 -> 20 个窗口
2025-09-20 21:24:55,702 - app.algorithms.monthly_scheduling.scheduling_optimizer - INFO - 时间窗口合并完成: 20 -> 20 个窗口
2025-09-20 21:24:55,702 - app.algorithms.monthly_scheduling.scheduling_optimizer - INFO - 时间窗口合并完成: 20 -> 20 个窗口
2025-09-20 21:24:55,702 - app.algorithms.monthly_scheduling.scheduling_optimizer - INFO - 时间窗口合并完成: 20 -> 20 个窗口
2025-09-20 21:24:55,702 - app.algorithms.monthly_scheduling.scheduling_optimizer - INFO - 时间窗口合并完成: 20 -> 20 个窗口
2025-09-20 21:24:55,702 - app.algorithms.monthly_scheduling.scheduling_optimizer - INFO - 时间窗口合并完成: 20 -> 20 个窗口
2025-09-20 21:24:55,702 - app.algorithms.monthly_scheduling.scheduling_optimizer - INFO - 时间窗口合并完成: 20 -> 20 个窗口
2025-09-20 21:24:55,703 - app.algorithms.monthly_scheduling.scheduling_optimizer - INFO - 时间窗口合并完成: 20 -> 20 个窗口
2025-09-20 21:24:55,703 - app.algorithms.monthly_scheduling.scheduling_optimizer - INFO - 时间窗口合并完成: 20 -> 20 个窗口
2025-09-20 21:24:55,703 - app.algorithms.monthly_scheduling.scheduling_optimizer - INFO - 时间窗口合并完成: 20 -> 20 个窗口
2025-09-20 21:24:55,703 - app.algorithms.monthly_scheduling.scheduling_optimizer - INFO - 时间窗口合并完成: 20 -> 20 个窗口
2025-09-20 21:24:55,703 - app.algorithms.monthly_scheduling.scheduling_optimizer - INFO - 时间窗口合并完成: 20 -> 20 个窗口
2025-09-20 21:24:55,703 - app.algorithms.monthly_scheduling.scheduling_optimizer - INFO - 时间窗口合并完成: 20 -> 20 个窗口
2025-09-20 21:24:55,704 - app.algorithms.monthly_scheduling.scheduling_optimizer - INFO - 时间窗口合并完成: 20 -> 20 个窗口
2025-09-20 21:24:55,704 - app.algorithms.monthly_scheduling.scheduling_optimizer - INFO - 时间窗口合并完成: 20 -> 20 个窗口
2025-09-20 21:24:55,704 - app.algorithms.monthly_scheduling.scheduling_optimizer - INFO - 时间窗口合并完成: 20 -> 20 个窗口
2025-09-20 21:24:55,704 - app.algorithms.monthly_scheduling.scheduling_optimizer - INFO - 时间窗口合并完成: 20 -> 20 个窗口
2025-09-20 21:24:55,704 - app.algorithms.monthly_scheduling.scheduling_optimizer - INFO - 时间窗口合并完成: 20 -> 20 个窗口
2025-09-20 21:24:55,704 - app.algorithms.monthly_scheduling.scheduling_optimizer - INFO - 时间窗口合并完成: 20 -> 20 个窗口
2025-09-20 21:24:55,704 - app.algorithms.monthly_scheduling.scheduling_optimizer - INFO - 时间窗口合并完成: 20 -> 20 个窗口
2025-09-20 21:24:55,705 - app.algorithms.monthly_scheduling.scheduling_optimizer - INFO - 时间窗口合并完成: 20 -> 20 个窗口
2025-09-20 21:24:55,705 - app.algorithms.monthly_scheduling.scheduling_optimizer - INFO - 时间窗口合并完成: 20 -> 20 个窗口
2025-09-20 21:24:55,705 - app.algorithms.monthly_scheduling.scheduling_optimizer - INFO - 时间窗口合并完成: 20 -> 20 个窗口
2025-09-20 21:24:55,705 - app.algorithms.monthly_scheduling.scheduling_optimizer - INFO - 时间窗口合并完成: 20 -> 20 个窗口
2025-09-20 21:24:55,705 - app.algorithms.monthly_scheduling.scheduling_optimizer - INFO - 时间窗口合并完成: 20 -> 20 个窗口
2025-09-20 21:24:55,705 - app.algorithms.monthly_scheduling.scheduling_optimizer - INFO - 时间窗口合并完成: 20 -> 20 个窗口
2025-09-20 21:24:55,706 - app.algorithms.monthly_scheduling.scheduling_optimizer - INFO - 时间窗口合并完成: 20 -> 20 个窗口
2025-09-20 21:24:55,706 - app.algorithms.monthly_scheduling.scheduling_optimizer - INFO - 时间窗口合并完成: 20 -> 20 个窗口
2025-09-20 21:24:55,706 - app.algorithms.monthly_scheduling.scheduling_optimizer - INFO - 时间窗口合并完成: 20 -> 20 个窗口
2025-09-20 21:24:55,706 - app.algorithms.monthly_scheduling.scheduling_optimizer - INFO - 时间窗口合并完成: 20 -> 20 个窗口
2025-09-20 21:24:55,706 - app.algorithms.monthly_scheduling.scheduling_optimizer - INFO - 时间窗口合并完成: 20 -> 20 个窗口
2025-09-20 21:24:55,706 - app.algorithms.monthly_scheduling.scheduling_optimizer - INFO - 时间窗口合并完成: 20 -> 20 个窗口
2025-09-20 21:24:55,707 - app.algorithms.monthly_scheduling.scheduling_optimizer - INFO - 时间窗口合并完成: 20 -> 20 个窗口
2025-09-20 21:24:55,707 - app.algorithms.monthly_scheduling.scheduling_optimizer - INFO - 时间窗口合并完成: 20 -> 20 个窗口
2025-09-20 21:24:55,707 - app.algorithms.monthly_scheduling.scheduling_optimizer - WARNING - 产品 利群(软红长嘴) 拆分后仍有 12000 箱未分配
2025-09-20 21:24:55,707 - app.algorithms.monthly_scheduling.scheduling_optimizer - ERROR - 产品 利群(软红长嘴) 最终调度失败
2025-09-20 21:24:55,707 - app.algorithms.monthly_scheduling.scheduling_optimizer - INFO - 时间窗口合并完成: 20 -> 20 个窗口
2025-09-20 21:24:55,707 - app.algorithms.monthly_scheduling.scheduling_optimizer - INFO - 时间窗口合并完成: 20 -> 20 个窗口
2025-09-20 21:24:55,707 - app.algorithms.monthly_scheduling.scheduling_optimizer - INFO - 时间窗口合并完成: 20 -> 20 个窗口
2025-09-20 21:24:55,708 - app.algorithms.monthly_scheduling.scheduling_optimizer - INFO - 时间窗口合并完成: 20 -> 20 个窗口
2025-09-20 21:24:55,708 - app.algorithms.monthly_scheduling.scheduling_optimizer - INFO - 时间窗口合并完成: 20 -> 20 个窗口
2025-09-20 21:24:55,708 - app.algorithms.monthly_scheduling.scheduling_optimizer - INFO - 时间窗口合并完成: 20 -> 20 个窗口
2025-09-20 21:24:55,708 - app.algorithms.monthly_scheduling.scheduling_optimizer - INFO - 时间窗口合并完成: 20 -> 20 个窗口
2025-09-20 21:24:55,708 - app.algorithms.monthly_scheduling.scheduling_optimizer - INFO - 时间窗口合并完成: 20 -> 20 个窗口
2025-09-20 21:24:55,708 - app.algorithms.monthly_scheduling.scheduling_optimizer - INFO - 时间窗口合并完成: 20 -> 20 个窗口
2025-09-20 21:24:55,708 - app.algorithms.monthly_scheduling.scheduling_optimizer - INFO - 时间窗口合并完成: 20 -> 20 个窗口
2025-09-20 21:24:55,709 - app.algorithms.monthly_scheduling.scheduling_optimizer - INFO - 时间窗口合并完成: 20 -> 20 个窗口
2025-09-20 21:24:55,709 - app.algorithms.monthly_scheduling.scheduling_optimizer - INFO - 时间窗口合并完成: 20 -> 20 个窗口
2025-09-20 21:24:55,709 - app.algorithms.monthly_scheduling.scheduling_optimizer - INFO - 时间窗口合并完成: 20 -> 20 个窗口
2025-09-20 21:24:55,709 - app.algorithms.monthly_scheduling.scheduling_optimizer - INFO - 时间窗口合并完成: 20 -> 20 个窗口
2025-09-20 21:24:55,709 - app.algorithms.monthly_scheduling.scheduling_optimizer - INFO - 时间窗口合并完成: 20 -> 20 个窗口
2025-09-20 21:24:55,709 - app.algorithms.monthly_scheduling.scheduling_optimizer - INFO - 时间窗口合并完成: 20 -> 20 个窗口
2025-09-20 21:24:55,709 - app.algorithms.monthly_scheduling.scheduling_optimizer - INFO - 时间窗口合并完成: 20 -> 20 个窗口
2025-09-20 21:24:55,710 - app.algorithms.monthly_scheduling.scheduling_optimizer - INFO - 时间窗口合并完成: 20 -> 20 个窗口
2025-09-20 21:24:55,710 - app.algorithms.monthly_scheduling.scheduling_optimizer - INFO - 时间窗口合并完成: 20 -> 20 个窗口
2025-09-20 21:24:55,710 - app.algorithms.monthly_scheduling.scheduling_optimizer - INFO - 时间窗口合并完成: 20 -> 20 个窗口
2025-09-20 21:24:55,710 - app.algorithms.monthly_scheduling.scheduling_optimizer - INFO - 时间窗口合并完成: 20 -> 20 个窗口
2025-09-20 21:24:55,710 - app.algorithms.monthly_scheduling.scheduling_optimizer - INFO - 时间窗口合并完成: 20 -> 20 个窗口
2025-09-20 21:24:55,711 - app.algorithms.monthly_scheduling.scheduling_optimizer - INFO - 时间窗口合并完成: 20 -> 20 个窗口
2025-09-20 21:24:55,711 - app.algorithms.monthly_scheduling.scheduling_optimizer - INFO - 时间窗口合并完成: 20 -> 20 个窗口
2025-09-20 21:24:55,711 - app.algorithms.monthly_scheduling.scheduling_optimizer - INFO - 时间窗口合并完成: 20 -> 20 个窗口
2025-09-20 21:24:55,711 - app.algorithms.monthly_scheduling.scheduling_optimizer - INFO - 时间窗口合并完成: 20 -> 20 个窗口
2025-09-20 21:24:55,711 - app.algorithms.monthly_scheduling.scheduling_optimizer - INFO - 时间窗口合并完成: 20 -> 20 个窗口
2025-09-20 21:24:55,711 - app.algorithms.monthly_scheduling.scheduling_optimizer - INFO - 时间窗口合并完成: 20 -> 20 个窗口
2025-09-20 21:24:55,711 - app.algorithms.monthly_scheduling.scheduling_optimizer - INFO - 时间窗口合并完成: 20 -> 20 个窗口
2025-09-20 21:24:55,712 - app.algorithms.monthly_scheduling.scheduling_optimizer - INFO - 时间窗口合并完成: 20 -> 20 个窗口
2025-09-20 21:24:55,712 - app.algorithms.monthly_scheduling.scheduling_optimizer - INFO - 时间窗口合并完成: 20 -> 20 个窗口
2025-09-20 21:24:55,712 - app.algorithms.monthly_scheduling.scheduling_optimizer - INFO - 时间窗口合并完成: 20 -> 20 个窗口
2025-09-20 21:24:55,712 - app.algorithms.monthly_scheduling.scheduling_optimizer - INFO - 时间窗口合并完成: 20 -> 20 个窗口
2025-09-20 21:24:55,712 - app.algorithms.monthly_scheduling.scheduling_optimizer - INFO - 时间窗口合并完成: 20 -> 20 个窗口
2025-09-20 21:24:55,713 - app.algorithms.monthly_scheduling.scheduling_optimizer - INFO - 时间窗口合并完成: 20 -> 20 个窗口
2025-09-20 21:24:55,713 - app.algorithms.monthly_scheduling.scheduling_optimizer - WARNING - 产品 利群(长嘴) 拆分后仍有 9750 箱未分配
2025-09-20 21:24:55,713 - app.algorithms.monthly_scheduling.scheduling_optimizer - ERROR - 产品 利群(长嘴) 最终调度失败
2025-09-20 21:24:55,713 - app.algorithms.monthly_scheduling.scheduling_optimizer - INFO - 时间窗口合并完成: 20 -> 20 个窗口
2025-09-20 21:24:55,713 - app.algorithms.monthly_scheduling.scheduling_optimizer - INFO - 时间窗口合并完成: 20 -> 20 个窗口
2025-09-20 21:24:55,713 - app.algorithms.monthly_scheduling.scheduling_optimizer - INFO - 时间窗口合并完成: 20 -> 20 个窗口
2025-09-20 21:24:55,714 - app.algorithms.monthly_scheduling.scheduling_optimizer - INFO - 时间窗口合并完成: 20 -> 20 个窗口
2025-09-20 21:24:55,714 - app.algorithms.monthly_scheduling.scheduling_optimizer - INFO - 时间窗口合并完成: 20 -> 20 个窗口
2025-09-20 21:24:55,714 - app.algorithms.monthly_scheduling.scheduling_optimizer - INFO - 时间窗口合并完成: 20 -> 20 个窗口
2025-09-20 21:24:55,714 - app.algorithms.monthly_scheduling.scheduling_optimizer - INFO - 时间窗口合并完成: 20 -> 20 个窗口
2025-09-20 21:24:55,714 - app.algorithms.monthly_scheduling.scheduling_optimizer - INFO - 时间窗口合并完成: 20 -> 20 个窗口
2025-09-20 21:24:55,714 - app.algorithms.monthly_scheduling.scheduling_optimizer - INFO - 时间窗口合并完成: 20 -> 20 个窗口
2025-09-20 21:24:55,714 - app.algorithms.monthly_scheduling.scheduling_optimizer - INFO - 时间窗口合并完成: 20 -> 20 个窗口
2025-09-20 21:24:55,715 - app.algorithms.monthly_scheduling.scheduling_optimizer - INFO - 时间窗口合并完成: 20 -> 20 个窗口
2025-09-20 21:24:55,715 - app.algorithms.monthly_scheduling.scheduling_optimizer - INFO - 时间窗口合并完成: 20 -> 20 个窗口
2025-09-20 21:24:55,715 - app.algorithms.monthly_scheduling.scheduling_optimizer - INFO - 时间窗口合并完成: 20 -> 20 个窗口
2025-09-20 21:24:55,715 - app.algorithms.monthly_scheduling.scheduling_optimizer - INFO - 时间窗口合并完成: 20 -> 20 个窗口
2025-09-20 21:24:55,715 - app.algorithms.monthly_scheduling.scheduling_optimizer - INFO - 时间窗口合并完成: 20 -> 20 个窗口
2025-09-20 21:24:55,715 - app.algorithms.monthly_scheduling.scheduling_optimizer - INFO - 时间窗口合并完成: 20 -> 20 个窗口
2025-09-20 21:24:55,716 - app.algorithms.monthly_scheduling.scheduling_optimizer - INFO - 时间窗口合并完成: 20 -> 20 个窗口
2025-09-20 21:24:55,716 - app.algorithms.monthly_scheduling.scheduling_optimizer - INFO - 时间窗口合并完成: 20 -> 20 个窗口
2025-09-20 21:24:55,716 - app.algorithms.monthly_scheduling.scheduling_optimizer - INFO - 时间窗口合并完成: 20 -> 20 个窗口
2025-09-20 21:24:55,716 - app.algorithms.monthly_scheduling.scheduling_optimizer - INFO - 时间窗口合并完成: 20 -> 20 个窗口
2025-09-20 21:24:55,716 - app.algorithms.monthly_scheduling.scheduling_optimizer - INFO - 时间窗口合并完成: 20 -> 20 个窗口
2025-09-20 21:24:55,716 - app.algorithms.monthly_scheduling.scheduling_optimizer - INFO - 时间窗口合并完成: 20 -> 20 个窗口
2025-09-20 21:24:55,716 - app.algorithms.monthly_scheduling.scheduling_optimizer - INFO - 时间窗口合并完成: 20 -> 20 个窗口
2025-09-20 21:24:55,717 - app.algorithms.monthly_scheduling.scheduling_optimizer - INFO - 时间窗口合并完成: 20 -> 20 个窗口
2025-09-20 21:24:55,717 - app.algorithms.monthly_scheduling.scheduling_optimizer - INFO - 时间窗口合并完成: 20 -> 20 个窗口
2025-09-20 21:24:55,717 - app.algorithms.monthly_scheduling.scheduling_optimizer - INFO - 时间窗口合并完成: 20 -> 20 个窗口
2025-09-20 21:24:55,717 - app.algorithms.monthly_scheduling.scheduling_optimizer - INFO - 时间窗口合并完成: 20 -> 20 个窗口
2025-09-20 21:24:55,717 - app.algorithms.monthly_scheduling.scheduling_optimizer - INFO - 时间窗口合并完成: 20 -> 20 个窗口
2025-09-20 21:24:55,717 - app.algorithms.monthly_scheduling.scheduling_optimizer - INFO - 时间窗口合并完成: 20 -> 20 个窗口
2025-09-20 21:24:55,718 - app.algorithms.monthly_scheduling.scheduling_optimizer - INFO - 时间窗口合并完成: 20 -> 20 个窗口
2025-09-20 21:24:55,718 - app.algorithms.monthly_scheduling.scheduling_optimizer - INFO - 时间窗口合并完成: 20 -> 20 个窗口
2025-09-20 21:24:55,718 - app.algorithms.monthly_scheduling.scheduling_optimizer - INFO - 时间窗口合并完成: 20 -> 20 个窗口
2025-09-20 21:24:55,718 - app.algorithms.monthly_scheduling.scheduling_optimizer - INFO - 时间窗口合并完成: 20 -> 20 个窗口
2025-09-20 21:24:55,718 - app.algorithms.monthly_scheduling.scheduling_optimizer - INFO - 时间窗口合并完成: 20 -> 20 个窗口
2025-09-20 21:24:55,719 - app.algorithms.monthly_scheduling.scheduling_optimizer - INFO - 时间窗口合并完成: 20 -> 20 个窗口
2025-09-20 21:24:55,719 - app.algorithms.monthly_scheduling.scheduling_optimizer - WARNING - 产品 雄狮(红老版) 拆分后仍有 5500 箱未分配
2025-09-20 21:24:55,719 - app.algorithms.monthly_scheduling.scheduling_optimizer - ERROR - 产品 雄狮(红老版) 最终调度失败
2025-09-20 21:24:55,719 - app.algorithms.monthly_scheduling.scheduling_optimizer - INFO - 时间窗口合并完成: 20 -> 20 个窗口
2025-09-20 21:24:55,719 - app.algorithms.monthly_scheduling.scheduling_optimizer - INFO - 时间窗口合并完成: 20 -> 20 个窗口
2025-09-20 21:24:55,719 - app.algorithms.monthly_scheduling.scheduling_optimizer - INFO - 时间窗口合并完成: 20 -> 20 个窗口
2025-09-20 21:24:55,719 - app.algorithms.monthly_scheduling.scheduling_optimizer - INFO - 时间窗口合并完成: 20 -> 20 个窗口
2025-09-20 21:24:55,720 - app.algorithms.monthly_scheduling.scheduling_optimizer - INFO - 时间窗口合并完成: 20 -> 20 个窗口
2025-09-20 21:24:55,720 - app.algorithms.monthly_scheduling.scheduling_optimizer - INFO - 时间窗口合并完成: 20 -> 20 个窗口
2025-09-20 21:24:55,720 - app.algorithms.monthly_scheduling.scheduling_optimizer - INFO - 时间窗口合并完成: 20 -> 20 个窗口
2025-09-20 21:24:55,720 - app.algorithms.monthly_scheduling.scheduling_optimizer - INFO - 时间窗口合并完成: 20 -> 20 个窗口
2025-09-20 21:24:55,720 - app.algorithms.monthly_scheduling.scheduling_optimizer - INFO - 时间窗口合并完成: 20 -> 20 个窗口
2025-09-20 21:24:55,720 - app.algorithms.monthly_scheduling.scheduling_optimizer - INFO - 时间窗口合并完成: 20 -> 20 个窗口
2025-09-20 21:24:55,720 - app.algorithms.monthly_scheduling.scheduling_optimizer - INFO - 时间窗口合并完成: 20 -> 20 个窗口
2025-09-20 21:24:55,721 - app.algorithms.monthly_scheduling.scheduling_optimizer - INFO - 时间窗口合并完成: 20 -> 20 个窗口
2025-09-20 21:24:55,721 - app.algorithms.monthly_scheduling.scheduling_optimizer - INFO - 时间窗口合并完成: 20 -> 20 个窗口
2025-09-20 21:24:55,721 - app.algorithms.monthly_scheduling.scheduling_optimizer - INFO - 时间窗口合并完成: 20 -> 20 个窗口
2025-09-20 21:24:55,721 - app.algorithms.monthly_scheduling.scheduling_optimizer - INFO - 时间窗口合并完成: 20 -> 20 个窗口
2025-09-20 21:24:55,721 - app.algorithms.monthly_scheduling.scheduling_optimizer - INFO - 时间窗口合并完成: 20 -> 20 个窗口
2025-09-20 21:24:55,721 - app.algorithms.monthly_scheduling.scheduling_optimizer - INFO - 时间窗口合并完成: 20 -> 20 个窗口
2025-09-20 21:24:55,721 - app.algorithms.monthly_scheduling.scheduling_optimizer - INFO - 时间窗口合并完成: 20 -> 20 个窗口
2025-09-20 21:24:55,721 - app.algorithms.monthly_scheduling.scheduling_optimizer - INFO - 时间窗口合并完成: 20 -> 20 个窗口
2025-09-20 21:24:55,722 - app.algorithms.monthly_scheduling.scheduling_optimizer - INFO - 时间窗口合并完成: 20 -> 20 个窗口
2025-09-20 21:24:55,722 - app.algorithms.monthly_scheduling.scheduling_optimizer - INFO - 时间窗口合并完成: 20 -> 20 个窗口
2025-09-20 21:24:55,722 - app.algorithms.monthly_scheduling.scheduling_optimizer - INFO - 时间窗口合并完成: 20 -> 20 个窗口
2025-09-20 21:24:55,722 - app.algorithms.monthly_scheduling.scheduling_optimizer - INFO - 时间窗口合并完成: 20 -> 20 个窗口
2025-09-20 21:24:55,722 - app.algorithms.monthly_scheduling.scheduling_optimizer - INFO - 时间窗口合并完成: 20 -> 20 个窗口
2025-09-20 21:24:55,722 - app.algorithms.monthly_scheduling.scheduling_optimizer - INFO - 时间窗口合并完成: 20 -> 20 个窗口
2025-09-20 21:24:55,722 - app.algorithms.monthly_scheduling.scheduling_optimizer - INFO - 时间窗口合并完成: 20 -> 20 个窗口
2025-09-20 21:24:55,723 - app.algorithms.monthly_scheduling.scheduling_optimizer - INFO - 时间窗口合并完成: 20 -> 20 个窗口
2025-09-20 21:24:55,723 - app.algorithms.monthly_scheduling.scheduling_optimizer - INFO - 时间窗口合并完成: 20 -> 20 个窗口
2025-09-20 21:24:55,723 - app.algorithms.monthly_scheduling.scheduling_optimizer - INFO - 时间窗口合并完成: 20 -> 20 个窗口
2025-09-20 21:24:55,723 - app.algorithms.monthly_scheduling.scheduling_optimizer - INFO - 时间窗口合并完成: 20 -> 20 个窗口
2025-09-20 21:24:55,723 - app.algorithms.monthly_scheduling.scheduling_optimizer - INFO - 时间窗口合并完成: 20 -> 20 个窗口
2025-09-20 21:24:55,724 - app.algorithms.monthly_scheduling.scheduling_optimizer - INFO - 时间窗口合并完成: 20 -> 20 个窗口
2025-09-20 21:24:55,724 - app.algorithms.monthly_scheduling.scheduling_optimizer - INFO - 时间窗口合并完成: 20 -> 20 个窗口
2025-09-20 21:24:55,724 - app.algorithms.monthly_scheduling.scheduling_optimizer - INFO - 时间窗口合并完成: 20 -> 20 个窗口
2025-09-20 21:24:55,724 - app.algorithms.monthly_scheduling.scheduling_optimizer - INFO - 时间窗口合并完成: 20 -> 20 个窗口
2025-09-20 21:24:55,724 - app.algorithms.monthly_scheduling.scheduling_optimizer - WARNING - 产品 利群(阳光) 拆分后仍有 4700 箱未分配
2025-09-20 21:24:55,724 - app.algorithms.monthly_scheduling.scheduling_optimizer - ERROR - 产品 利群(阳光) 最终调度失败
2025-09-20 21:24:55,724 - app.algorithms.monthly_scheduling.scheduling_optimizer - INFO - 时间窗口合并完成: 20 -> 20 个窗口
2025-09-20 21:24:55,725 - app.algorithms.monthly_scheduling.scheduling_optimizer - INFO - 时间窗口合并完成: 20 -> 20 个窗口
2025-09-20 21:24:55,725 - app.algorithms.monthly_scheduling.scheduling_optimizer - INFO - 时间窗口合并完成: 20 -> 20 个窗口
2025-09-20 21:24:55,725 - app.algorithms.monthly_scheduling.scheduling_optimizer - INFO - 时间窗口合并完成: 20 -> 20 个窗口
2025-09-20 21:24:55,725 - app.algorithms.monthly_scheduling.scheduling_optimizer - INFO - 时间窗口合并完成: 20 -> 20 个窗口
2025-09-20 21:24:55,725 - app.algorithms.monthly_scheduling.scheduling_optimizer - INFO - 时间窗口合并完成: 20 -> 20 个窗口
2025-09-20 21:24:55,725 - app.algorithms.monthly_scheduling.scheduling_optimizer - INFO - 时间窗口合并完成: 20 -> 20 个窗口
2025-09-20 21:24:55,725 - app.algorithms.monthly_scheduling.scheduling_optimizer - INFO - 时间窗口合并完成: 20 -> 20 个窗口
2025-09-20 21:24:55,726 - app.algorithms.monthly_scheduling.scheduling_optimizer - INFO - 时间窗口合并完成: 20 -> 20 个窗口
2025-09-20 21:24:55,726 - app.algorithms.monthly_scheduling.scheduling_optimizer - INFO - 时间窗口合并完成: 20 -> 20 个窗口
2025-09-20 21:24:55,726 - app.algorithms.monthly_scheduling.scheduling_optimizer - INFO - 时间窗口合并完成: 20 -> 20 个窗口
2025-09-20 21:24:55,726 - app.algorithms.monthly_scheduling.scheduling_optimizer - INFO - 时间窗口合并完成: 20 -> 20 个窗口
2025-09-20 21:24:55,726 - app.algorithms.monthly_scheduling.scheduling_optimizer - INFO - 时间窗口合并完成: 20 -> 20 个窗口
2025-09-20 21:24:55,726 - app.algorithms.monthly_scheduling.scheduling_optimizer - INFO - 时间窗口合并完成: 20 -> 20 个窗口
2025-09-20 21:24:55,726 - app.algorithms.monthly_scheduling.scheduling_optimizer - INFO - 时间窗口合并完成: 20 -> 20 个窗口
2025-09-20 21:24:55,727 - app.algorithms.monthly_scheduling.scheduling_optimizer - INFO - 时间窗口合并完成: 20 -> 20 个窗口
2025-09-20 21:24:55,727 - app.algorithms.monthly_scheduling.scheduling_optimizer - INFO - 时间窗口合并完成: 20 -> 20 个窗口
2025-09-20 21:24:55,727 - app.algorithms.monthly_scheduling.scheduling_optimizer - INFO - 时间窗口合并完成: 20 -> 20 个窗口
2025-09-20 21:24:55,727 - app.algorithms.monthly_scheduling.scheduling_optimizer - INFO - 时间窗口合并完成: 20 -> 20 个窗口
2025-09-20 21:24:55,727 - app.algorithms.monthly_scheduling.scheduling_optimizer - INFO - 时间窗口合并完成: 20 -> 20 个窗口
2025-09-20 21:24:55,727 - app.algorithms.monthly_scheduling.scheduling_optimizer - INFO - 时间窗口合并完成: 20 -> 20 个窗口
2025-09-20 21:24:55,727 - app.algorithms.monthly_scheduling.scheduling_optimizer - INFO - 时间窗口合并完成: 20 -> 20 个窗口
2025-09-20 21:24:55,727 - app.algorithms.monthly_scheduling.scheduling_optimizer - INFO - 时间窗口合并完成: 20 -> 20 个窗口
2025-09-20 21:24:55,728 - app.algorithms.monthly_scheduling.scheduling_optimizer - INFO - 时间窗口合并完成: 20 -> 20 个窗口
2025-09-20 21:24:55,728 - app.algorithms.monthly_scheduling.scheduling_optimizer - INFO - 时间窗口合并完成: 20 -> 20 个窗口
2025-09-20 21:24:55,728 - app.algorithms.monthly_scheduling.scheduling_optimizer - INFO - 时间窗口合并完成: 20 -> 20 个窗口
2025-09-20 21:24:55,728 - app.algorithms.monthly_scheduling.scheduling_optimizer - INFO - 时间窗口合并完成: 20 -> 20 个窗口
2025-09-20 21:24:55,728 - app.algorithms.monthly_scheduling.scheduling_optimizer - INFO - 时间窗口合并完成: 20 -> 20 个窗口
2025-09-20 21:24:55,729 - app.algorithms.monthly_scheduling.scheduling_optimizer - INFO - 时间窗口合并完成: 20 -> 20 个窗口
2025-09-20 21:24:55,729 - app.algorithms.monthly_scheduling.scheduling_optimizer - INFO - 时间窗口合并完成: 20 -> 20 个窗口
2025-09-20 21:24:55,729 - app.algorithms.monthly_scheduling.scheduling_optimizer - INFO - 时间窗口合并完成: 20 -> 20 个窗口
2025-09-20 21:24:55,729 - app.algorithms.monthly_scheduling.scheduling_optimizer - INFO - 时间窗口合并完成: 20 -> 20 个窗口
2025-09-20 21:24:55,729 - app.algorithms.monthly_scheduling.scheduling_optimizer - INFO - 时间窗口合并完成: 20 -> 20 个窗口
2025-09-20 21:24:55,729 - app.algorithms.monthly_scheduling.scheduling_optimizer - INFO - 时间窗口合并完成: 20 -> 20 个窗口
2025-09-20 21:24:55,729 - app.algorithms.monthly_scheduling.scheduling_optimizer - INFO - 时间窗口合并完成: 20 -> 20 个窗口
2025-09-20 21:24:55,730 - app.algorithms.monthly_scheduling.scheduling_optimizer - WARNING - 产品 利群(西子阳光) 拆分后仍有 3400 箱未分配
2025-09-20 21:24:55,730 - app.algorithms.monthly_scheduling.scheduling_optimizer - ERROR - 产品 利群(西子阳光) 最终调度失败
2025-09-20 21:24:55,730 - app.algorithms.monthly_scheduling.scheduling_optimizer - INFO - 调度覆盖性验证: 覆盖率 1.8%, 完全覆盖 8 个产品, 缺失 8 个产品
2025-09-20 21:24:55,730 - app.algorithms.monthly_scheduling.scheduling_optimizer - INFO - 调度优化完成: 成功调度 18 个产品
2025-09-20 21:24:55,730 - app.algorithms.monthly_scheduling.scheduling_optimizer - INFO - 时间重叠验证通过：所有机台时间窗口无重叠
2025-09-20 21:24:55,730 - app.algorithms.monthly_scheduling.scheduling_optimizer - INFO - 调度覆盖性验证: 覆盖率 1.8%, 完全覆盖 8 个产品, 缺失 8 个产品
2025-09-20 21:24:55,730 - app.algorithms.monthly_scheduling.monthly_scheduling_engine - INFO - Phase 4 完成: 成功调度 18 个产品, 未分配 8 个, 零重叠验证: 通过
2025-09-20 21:24:55,730 - app.algorithms.monthly_scheduling.monthly_scheduling_engine - INFO - [66.7%] PHASE_4_OPTIMIZATION: 调度优化完成
2025-09-20 21:24:55,910 - app.algorithms.monthly_scheduling.monthly_scheduling_engine - INFO - === Phase 5: 约束验证阶段 ===
2025-09-20 21:24:55,911 - app.algorithms.monthly_scheduling.monthly_scheduling_engine - INFO - [66.7%] PHASE_5_VALIDATION: 开始约束验证
2025-09-20 21:24:56,098 - app.algorithms.monthly_scheduling.constraint_validator - INFO - 开始执行约束验证
2025-09-20 21:24:56,099 - app.algorithms.monthly_scheduling.constraint_validator - INFO - 约束验证完成: 失败, 严重错误 10 个, 警告 18 个
2025-09-20 21:24:56,099 - app.algorithms.monthly_scheduling.monthly_scheduling_engine - ERROR - Phase 5 失败: 约束验证失败: 发现 10 个严重违规
2025-09-20 21:24:56,099 - app.algorithms.monthly_scheduling.monthly_scheduling_engine - ERROR - 算法执行失败: 约束验证失败: 发现 10 个严重违规
2025-09-20 21:24:56,099 - app.algorithms.monthly_scheduling.monthly_scheduling_engine - ERROR - 月度排产算法执行失败: 约束验证失败: 发现 10 个严重违规
INFO:     127.0.0.1:52278 - "GET /api/v1/monthly-scheduling/tasks/MONTHLY_TASK_20250920_212452_F0F1D801 HTTP/1.1" 200 OK
INFO:     127.0.0.1:55412 - "POST /api/v1/monthly-scheduling/execute HTTP/1.1" 200 OK
2025-09-20 21:34:43,274 - root - INFO - 🚀 使用完整算法引擎执行月度排产: 批次=MONTHLY_20250919_200606_AE17
2025-09-20 21:34:43,739 - app.algorithms.monthly_scheduling.monthly_scheduling_engine - INFO - 算法执行环境初始化完成: 任务ID MONTHLY_TASK_20250920_213442_9D33089D
2025-09-20 21:34:43,750 - app.algorithms.monthly_scheduling.monthly_scheduling_engine - INFO - [0.0%] PHASE_1_DATA_LOADING: 算法初始化完成
2025-09-20 21:34:43,960 - app.algorithms.monthly_scheduling.monthly_scheduling_engine - INFO - 开始执行月度排产算法: 批次 MONTHLY_20250919_200606_AE17, 任务 MONTHLY_TASK_20250920_213442_9D33089D
2025-09-20 21:34:43,960 - app.algorithms.monthly_scheduling.monthly_scheduling_engine - INFO - === Phase 1: 数据加载阶段 ===
2025-09-20 21:34:43,960 - app.algorithms.monthly_scheduling.monthly_scheduling_engine - INFO - [0.0%] PHASE_1_DATA_LOADING: 开始数据加载
2025-09-20 21:34:44,156 - app.algorithms.monthly_scheduling.database_loader - INFO - 开始加载月度批次数据: MONTHLY_20250919_200606_AE17
2025-09-20 21:34:44,317 - app.algorithms.monthly_scheduling.database_loader - INFO - 加载月度计划: 26 条记录
2025-09-20 21:34:44,349 - app.algorithms.monthly_scheduling.database_loader - INFO - 加载机台信息: 卷包机 35 台, 喂丝机 32 台
2025-09-20 21:34:44,383 - app.algorithms.monthly_scheduling.database_loader - INFO - 加载速度配置: 特定配置 0 项, 通配符配置 22 项
2025-09-20 21:34:44,408 - app.algorithms.monthly_scheduling.database_loader - INFO - 加载机台关系: 35 对关系
2025-09-20 21:34:44,434 - app.algorithms.monthly_scheduling.database_loader - INFO - 加载班次配置: 2 个班次
2025-09-20 21:34:44,470 - app.algorithms.monthly_scheduling.database_loader - INFO - 加载工作日历: 2019年7月
2025-09-20 21:34:44,497 - app.algorithms.monthly_scheduling.database_loader - WARNING - 维护计划表为空，算法将忽略维护约束
2025-09-20 21:34:44,497 - app.algorithms.monthly_scheduling.database_loader - INFO - 加载维护计划: 0 个计划
2025-09-20 21:34:44,497 - app.algorithms.monthly_scheduling.database_loader - INFO - 数据完整性验证通过
2025-09-20 21:34:44,498 - app.algorithms.monthly_scheduling.database_loader - INFO - 所有数据加载完成
2025-09-20 21:34:44,498 - app.algorithms.monthly_scheduling.monthly_scheduling_engine - INFO - Phase 1 完成: 加载月度计划 26 个, 卷包机 35 台, 喂丝机 32 台
2025-09-20 21:34:44,498 - app.algorithms.monthly_scheduling.monthly_scheduling_engine - INFO - [16.7%] PHASE_1_DATA_LOADING: 数据加载完成
2025-09-20 21:34:44,570 - app.algorithms.monthly_scheduling.monthly_scheduling_engine - INFO - === Phase 2: 时间窗口计算阶段 ===
2025-09-20 21:34:44,571 - app.algorithms.monthly_scheduling.monthly_scheduling_engine - INFO - [16.7%] PHASE_2_TIME_WINDOWS: 开始时间窗口计算
2025-09-20 21:34:44,749 - app.algorithms.monthly_scheduling.time_window_calculator - INFO - 开始计算机台可用时间窗口
2025-09-20 21:34:44,750 - app.algorithms.monthly_scheduling.time_window_calculator - INFO - 生成基础时间窗口: 40 个时间段
2025-09-20 21:34:44,767 - app.algorithms.monthly_scheduling.time_window_calculator - INFO - 动态计算期望总时长: 20天 × 17.33小时/天 = 346.67小时
2025-09-20 21:34:44,768 - app.algorithms.monthly_scheduling.time_window_calculator - INFO - 时间窗口完整性验证通过
2025-09-20 21:34:44,768 - app.algorithms.monthly_scheduling.time_window_calculator - INFO - 完成时间窗口计算: 35 台机台
2025-09-20 21:34:44,768 - app.algorithms.monthly_scheduling.monthly_scheduling_engine - INFO - Phase 2 完成: 生成 35 台机台的时间窗口, 总计 700 个时间段, 12133.3 小时
2025-09-20 21:34:44,769 - app.algorithms.monthly_scheduling.monthly_scheduling_engine - INFO - [33.3%] PHASE_2_TIME_WINDOWS: 时间窗口计算完成
2025-09-20 21:34:45,075 - app.algorithms.monthly_scheduling.monthly_scheduling_engine - INFO - === Phase 3: 产能计算阶段 ===
2025-09-20 21:34:45,075 - app.algorithms.monthly_scheduling.monthly_scheduling_engine - INFO - [33.3%] PHASE_3_CAPACITY_CALC: 开始产能计算
2025-09-20 21:34:45,257 - app.algorithms.monthly_scheduling.capacity_calculator - INFO - 开始计算卷包机产能矩阵
2025-09-20 21:34:45,286 - app.algorithms.monthly_scheduling.capacity_calculator - INFO - 完成产能计算: 910 个机台-产品组合
2025-09-20 21:34:45,287 - app.algorithms.monthly_scheduling.capacity_calculator - INFO - 验证产能约束
2025-09-20 21:34:45,289 - app.algorithms.monthly_scheduling.capacity_calculator - INFO - 产能约束验证完成: 可生产产品 18/26
2025-09-20 21:34:45,290 - app.algorithms.monthly_scheduling.monthly_scheduling_engine - INFO - Phase 3 完成: 计算 910 个机台-产品组合, 可行组合 630 个 (69.2%)
2025-09-20 21:34:45,290 - app.algorithms.monthly_scheduling.monthly_scheduling_engine - INFO - [50.0%] PHASE_3_CAPACITY_CALC: 产能计算完成
2025-09-20 21:34:45,474 - app.algorithms.monthly_scheduling.monthly_scheduling_engine - INFO - === Phase 4: 调度优化阶段 ===
2025-09-20 21:34:45,474 - app.algorithms.monthly_scheduling.monthly_scheduling_engine - INFO - [50.0%] PHASE_4_OPTIMIZATION: 开始调度优化
2025-09-20 21:34:45,668 - app.algorithms.monthly_scheduling.scheduling_optimizer - INFO - 开始执行调度优化算法
2025-09-20 21:34:45,675 - app.algorithms.monthly_scheduling.scheduling_optimizer - INFO - 产品优先级排序完成: 26 个产品
2025-09-20 21:34:45,675 - app.algorithms.monthly_scheduling.scheduling_optimizer - WARNING - 产品 利群(软长嘴) 没有可用机台
2025-09-20 21:34:45,675 - app.algorithms.monthly_scheduling.scheduling_optimizer - WARNING - 产品 利群(软长嘴) 初次调度失败，加入重试队列
2025-09-20 21:34:45,675 - app.algorithms.monthly_scheduling.scheduling_optimizer - WARNING - 产品 利群（蓝天） 没有可用机台
2025-09-20 21:34:45,675 - app.algorithms.monthly_scheduling.scheduling_optimizer - WARNING - 产品 利群（蓝天） 初次调度失败，加入重试队列
2025-09-20 21:34:45,675 - app.algorithms.monthly_scheduling.scheduling_optimizer - WARNING - 产品 利群（新版） 没有可用机台
2025-09-20 21:34:45,675 - app.algorithms.monthly_scheduling.scheduling_optimizer - WARNING - 产品 利群（新版） 初次调度失败，加入重试队列
2025-09-20 21:34:45,676 - app.algorithms.monthly_scheduling.scheduling_optimizer - WARNING - 产品 利群(软红长嘴) 没有可用机台
2025-09-20 21:34:45,676 - app.algorithms.monthly_scheduling.scheduling_optimizer - WARNING - 产品 利群(软红长嘴) 初次调度失败，加入重试队列
2025-09-20 21:34:45,676 - app.algorithms.monthly_scheduling.scheduling_optimizer - WARNING - 产品 利群(长嘴) 没有可用机台
2025-09-20 21:34:45,676 - app.algorithms.monthly_scheduling.scheduling_optimizer - WARNING - 产品 利群(长嘴) 初次调度失败，加入重试队列
2025-09-20 21:34:45,676 - app.algorithms.monthly_scheduling.scheduling_optimizer - WARNING - 产品 雄狮(红老版) 没有可用机台
2025-09-20 21:34:45,676 - app.algorithms.monthly_scheduling.scheduling_optimizer - WARNING - 产品 雄狮(红老版) 初次调度失败，加入重试队列
2025-09-20 21:34:45,676 - app.algorithms.monthly_scheduling.scheduling_optimizer - WARNING - 产品 利群(阳光) 没有可用机台
2025-09-20 21:34:45,676 - app.algorithms.monthly_scheduling.scheduling_optimizer - WARNING - 产品 利群(阳光) 初次调度失败，加入重试队列
2025-09-20 21:34:45,676 - app.algorithms.monthly_scheduling.scheduling_optimizer - WARNING - 产品 利群(西子阳光) 没有可用机台
2025-09-20 21:34:45,677 - app.algorithms.monthly_scheduling.scheduling_optimizer - WARNING - 产品 利群(西子阳光) 初次调度失败，加入重试队列
2025-09-20 21:34:45,677 - app.algorithms.monthly_scheduling.scheduling_optimizer - INFO - 产品 利群（夜西湖） 需要 237.50小时，启用拆分调度
2025-09-20 21:34:45,677 - app.algorithms.monthly_scheduling.scheduling_optimizer - INFO - 开始大批量产品拆分调度: 利群（夜西湖）, 目标 1900 箱
2025-09-20 21:34:45,678 - app.algorithms.monthly_scheduling.scheduling_optimizer - INFO - ✅ 在机台 A1 分配 136 箱 (17.00小时)
2025-09-20 21:34:45,678 - app.algorithms.monthly_scheduling.scheduling_optimizer - INFO - ✅ 在机台 A2 分配 136 箱 (17.00小时)
2025-09-20 21:34:45,679 - app.algorithms.monthly_scheduling.scheduling_optimizer - INFO - ✅ 在机台 A3 分配 136 箱 (17.00小时)
2025-09-20 21:34:45,679 - app.algorithms.monthly_scheduling.scheduling_optimizer - INFO - ✅ 在机台 A4 分配 136 箱 (17.00小时)
2025-09-20 21:34:45,680 - app.algorithms.monthly_scheduling.scheduling_optimizer - INFO - ✅ 在机台 A5 分配 136 箱 (17.00小时)
2025-09-20 21:34:45,680 - app.algorithms.monthly_scheduling.scheduling_optimizer - INFO - ✅ 在机台 A6 分配 136 箱 (17.00小时)
2025-09-20 21:34:45,680 - app.algorithms.monthly_scheduling.scheduling_optimizer - INFO - ✅ 在机台 A7 分配 136 箱 (17.00小时)
2025-09-20 21:34:45,680 - app.algorithms.monthly_scheduling.scheduling_optimizer - INFO - ✅ 在机台 A8 分配 136 箱 (17.00小时)
2025-09-20 21:34:45,681 - app.algorithms.monthly_scheduling.scheduling_optimizer - INFO - ✅ 在机台 A9 分配 136 箱 (17.00小时)
2025-09-20 21:34:45,681 - app.algorithms.monthly_scheduling.scheduling_optimizer - INFO - ✅ 在机台 B1 分配 136 箱 (17.00小时)
2025-09-20 21:34:45,681 - app.algorithms.monthly_scheduling.scheduling_optimizer - INFO - ✅ 在机台 B2 分配 136 箱 (17.00小时)
2025-09-20 21:34:45,681 - app.algorithms.monthly_scheduling.scheduling_optimizer - INFO - ✅ 在机台 B3 分配 136 箱 (17.00小时)
2025-09-20 21:34:45,682 - app.algorithms.monthly_scheduling.scheduling_optimizer - INFO - ✅ 在机台 B4 分配 136 箱 (17.00小时)
2025-09-20 21:34:45,682 - app.algorithms.monthly_scheduling.scheduling_optimizer - INFO - ✅ 在机台 B5 分配 132 箱 (16.50小时)
2025-09-20 21:34:45,682 - app.algorithms.monthly_scheduling.scheduling_optimizer - INFO - 产品 利群（西湖恋） 需要 212.50小时，启用拆分调度
2025-09-20 21:34:45,682 - app.algorithms.monthly_scheduling.scheduling_optimizer - INFO - 开始大批量产品拆分调度: 利群（西湖恋）, 目标 1700 箱
2025-09-20 21:34:45,683 - app.algorithms.monthly_scheduling.scheduling_optimizer - INFO - ✅ 在机台 A1 分配 136 箱 (17.00小时)
2025-09-20 21:34:45,683 - app.algorithms.monthly_scheduling.scheduling_optimizer - INFO - ✅ 在机台 A2 分配 136 箱 (17.00小时)
2025-09-20 21:34:45,683 - app.algorithms.monthly_scheduling.scheduling_optimizer - INFO - ✅ 在机台 A3 分配 136 箱 (17.00小时)
2025-09-20 21:34:45,684 - app.algorithms.monthly_scheduling.scheduling_optimizer - INFO - ✅ 在机台 A4 分配 136 箱 (17.00小时)
2025-09-20 21:34:45,684 - app.algorithms.monthly_scheduling.scheduling_optimizer - INFO - ✅ 在机台 A5 分配 136 箱 (17.00小时)
2025-09-20 21:34:45,685 - app.algorithms.monthly_scheduling.scheduling_optimizer - INFO - ✅ 在机台 A6 分配 136 箱 (17.00小时)
2025-09-20 21:34:45,685 - app.algorithms.monthly_scheduling.scheduling_optimizer - INFO - ✅ 在机台 A7 分配 136 箱 (17.00小时)
2025-09-20 21:34:45,685 - app.algorithms.monthly_scheduling.scheduling_optimizer - INFO - ✅ 在机台 A8 分配 136 箱 (17.00小时)
2025-09-20 21:34:45,685 - app.algorithms.monthly_scheduling.scheduling_optimizer - INFO - ✅ 在机台 A9 分配 136 箱 (17.00小时)
2025-09-20 21:34:45,686 - app.algorithms.monthly_scheduling.scheduling_optimizer - INFO - ✅ 在机台 B1 分配 136 箱 (17.00小时)
2025-09-20 21:34:45,686 - app.algorithms.monthly_scheduling.scheduling_optimizer - INFO - ✅ 在机台 B2 分配 136 箱 (17.00小时)
2025-09-20 21:34:45,686 - app.algorithms.monthly_scheduling.scheduling_optimizer - INFO - ✅ 在机台 B3 分配 136 箱 (17.00小时)
2025-09-20 21:34:45,687 - app.algorithms.monthly_scheduling.scheduling_optimizer - INFO - ✅ 在机台 B4 分配 68 箱 (8.50小时)
2025-09-20 21:34:45,687 - app.algorithms.monthly_scheduling.scheduling_optimizer - INFO - 产品 利群（江南韵） 需要 187.50小时，启用拆分调度
2025-09-20 21:34:45,687 - app.algorithms.monthly_scheduling.scheduling_optimizer - INFO - 开始大批量产品拆分调度: 利群（江南韵）, 目标 1500 箱
2025-09-20 21:34:45,687 - app.algorithms.monthly_scheduling.scheduling_optimizer - INFO - ✅ 在机台 A1 分配 136 箱 (17.00小时)
2025-09-20 21:34:45,687 - app.algorithms.monthly_scheduling.scheduling_optimizer - INFO - ✅ 在机台 A2 分配 136 箱 (17.00小时)
2025-09-20 21:34:45,688 - app.algorithms.monthly_scheduling.scheduling_optimizer - INFO - ✅ 在机台 A3 分配 136 箱 (17.00小时)
2025-09-20 21:34:45,688 - app.algorithms.monthly_scheduling.scheduling_optimizer - INFO - ✅ 在机台 A4 分配 136 箱 (17.00小时)
2025-09-20 21:34:45,688 - app.algorithms.monthly_scheduling.scheduling_optimizer - INFO - ✅ 在机台 A5 分配 136 箱 (17.00小时)
2025-09-20 21:34:45,688 - app.algorithms.monthly_scheduling.scheduling_optimizer - INFO - ✅ 在机台 A6 分配 136 箱 (17.00小时)
2025-09-20 21:34:45,689 - app.algorithms.monthly_scheduling.scheduling_optimizer - INFO - ✅ 在机台 A7 分配 136 箱 (17.00小时)
2025-09-20 21:34:45,689 - app.algorithms.monthly_scheduling.scheduling_optimizer - INFO - ✅ 在机台 A8 分配 136 箱 (17.00小时)
2025-09-20 21:34:45,689 - app.algorithms.monthly_scheduling.scheduling_optimizer - INFO - ✅ 在机台 A9 分配 136 箱 (17.00小时)
2025-09-20 21:34:45,689 - app.algorithms.monthly_scheduling.scheduling_optimizer - INFO - ✅ 在机台 B1 分配 136 箱 (17.00小时)
2025-09-20 21:34:45,689 - app.algorithms.monthly_scheduling.scheduling_optimizer - INFO - ✅ 在机台 B2 分配 136 箱 (17.00小时)
2025-09-20 21:34:45,690 - app.algorithms.monthly_scheduling.scheduling_optimizer - INFO - ✅ 在机台 B3 分配 4 箱 (0.50小时)
2025-09-20 21:34:45,690 - app.algorithms.monthly_scheduling.scheduling_optimizer - INFO - 产品 利群（阳光橙中支） 需要 150.00小时，启用拆分调度
2025-09-20 21:34:45,690 - app.algorithms.monthly_scheduling.scheduling_optimizer - INFO - 开始大批量产品拆分调度: 利群（阳光橙中支）, 目标 1200 箱
2025-09-20 21:34:45,690 - app.algorithms.monthly_scheduling.scheduling_optimizer - INFO - ✅ 在机台 A1 分配 136 箱 (17.00小时)
2025-09-20 21:34:45,690 - app.algorithms.monthly_scheduling.scheduling_optimizer - INFO - ✅ 在机台 A2 分配 136 箱 (17.00小时)
2025-09-20 21:34:45,690 - app.algorithms.monthly_scheduling.scheduling_optimizer - INFO - ✅ 在机台 A3 分配 136 箱 (17.00小时)
2025-09-20 21:34:45,690 - app.algorithms.monthly_scheduling.scheduling_optimizer - INFO - ✅ 在机台 A4 分配 136 箱 (17.00小时)
2025-09-20 21:34:45,690 - app.algorithms.monthly_scheduling.scheduling_optimizer - INFO - ✅ 在机台 A5 分配 136 箱 (17.00小时)
2025-09-20 21:34:45,691 - app.algorithms.monthly_scheduling.scheduling_optimizer - INFO - ✅ 在机台 A6 分配 136 箱 (17.00小时)
2025-09-20 21:34:45,691 - app.algorithms.monthly_scheduling.scheduling_optimizer - INFO - ✅ 在机台 A7 分配 136 箱 (17.00小时)
2025-09-20 21:34:45,691 - app.algorithms.monthly_scheduling.scheduling_optimizer - INFO - ✅ 在机台 A8 分配 136 箱 (17.00小时)
2025-09-20 21:34:45,691 - app.algorithms.monthly_scheduling.scheduling_optimizer - INFO - ✅ 在机台 A9 分配 112 箱 (14.00小时)
2025-09-20 21:34:45,692 - app.algorithms.monthly_scheduling.scheduling_optimizer - INFO - 产品 雄狮(红) 需要 150.00小时，启用拆分调度
2025-09-20 21:34:45,692 - app.algorithms.monthly_scheduling.scheduling_optimizer - INFO - 开始大批量产品拆分调度: 雄狮(红), 目标 1200 箱
2025-09-20 21:34:45,692 - app.algorithms.monthly_scheduling.scheduling_optimizer - INFO - ✅ 在机台 A1 分配 136 箱 (17.00小时)
2025-09-20 21:34:45,692 - app.algorithms.monthly_scheduling.scheduling_optimizer - INFO - ✅ 在机台 A2 分配 136 箱 (17.00小时)
2025-09-20 21:34:45,693 - app.algorithms.monthly_scheduling.scheduling_optimizer - INFO - ✅ 在机台 A3 分配 136 箱 (17.00小时)
2025-09-20 21:34:45,693 - app.algorithms.monthly_scheduling.scheduling_optimizer - INFO - ✅ 在机台 A4 分配 136 箱 (17.00小时)
2025-09-20 21:34:45,693 - app.algorithms.monthly_scheduling.scheduling_optimizer - INFO - ✅ 在机台 A5 分配 136 箱 (17.00小时)
2025-09-20 21:34:45,694 - app.algorithms.monthly_scheduling.scheduling_optimizer - INFO - ✅ 在机台 A6 分配 136 箱 (17.00小时)
2025-09-20 21:34:45,694 - app.algorithms.monthly_scheduling.scheduling_optimizer - INFO - ✅ 在机台 A7 分配 136 箱 (17.00小时)
2025-09-20 21:34:45,696 - app.algorithms.monthly_scheduling.scheduling_optimizer - INFO - ✅ 在机台 A8 分配 136 箱 (17.00小时)
2025-09-20 21:34:45,696 - app.algorithms.monthly_scheduling.scheduling_optimizer - INFO - ✅ 在机台 A9 分配 112 箱 (14.00小时)
2025-09-20 21:34:45,696 - app.algorithms.monthly_scheduling.scheduling_optimizer - INFO - 产品 利群(新二代) 需要 122.50小时，启用拆分调度
2025-09-20 21:34:45,696 - app.algorithms.monthly_scheduling.scheduling_optimizer - INFO - 开始大批量产品拆分调度: 利群(新二代), 目标 980 箱
2025-09-20 21:34:45,697 - app.algorithms.monthly_scheduling.scheduling_optimizer - INFO - ✅ 在机台 A1 分配 136 箱 (17.00小时)
2025-09-20 21:34:45,697 - app.algorithms.monthly_scheduling.scheduling_optimizer - INFO - ✅ 在机台 A2 分配 136 箱 (17.00小时)
2025-09-20 21:34:45,697 - app.algorithms.monthly_scheduling.scheduling_optimizer - INFO - ✅ 在机台 A3 分配 136 箱 (17.00小时)
2025-09-20 21:34:45,698 - app.algorithms.monthly_scheduling.scheduling_optimizer - INFO - ✅ 在机台 A4 分配 136 箱 (17.00小时)
2025-09-20 21:34:45,698 - app.algorithms.monthly_scheduling.scheduling_optimizer - INFO - ✅ 在机台 A5 分配 136 箱 (17.00小时)
2025-09-20 21:34:45,698 - app.algorithms.monthly_scheduling.scheduling_optimizer - INFO - ✅ 在机台 A6 分配 136 箱 (17.00小时)
2025-09-20 21:34:45,699 - app.algorithms.monthly_scheduling.scheduling_optimizer - INFO - ✅ 在机台 A7 分配 136 箱 (17.00小时)
2025-09-20 21:34:45,699 - app.algorithms.monthly_scheduling.scheduling_optimizer - INFO - ✅ 在机台 A8 分配 28 箱 (3.50小时)
2025-09-20 21:34:45,699 - app.algorithms.monthly_scheduling.scheduling_optimizer - INFO - 产品 利群(软红长嘴硬化) 需要 62.50小时，启用拆分调度
2025-09-20 21:34:45,699 - app.algorithms.monthly_scheduling.scheduling_optimizer - INFO - 开始大批量产品拆分调度: 利群(软红长嘴硬化), 目标 500 箱
2025-09-20 21:34:45,700 - app.algorithms.monthly_scheduling.scheduling_optimizer - INFO - ✅ 在机台 A1 分配 136 箱 (17.00小时)
2025-09-20 21:34:45,700 - app.algorithms.monthly_scheduling.scheduling_optimizer - INFO - ✅ 在机台 A2 分配 136 箱 (17.00小时)
2025-09-20 21:34:45,701 - app.algorithms.monthly_scheduling.scheduling_optimizer - INFO - ✅ 在机台 A3 分配 136 箱 (17.00小时)
2025-09-20 21:34:45,701 - app.algorithms.monthly_scheduling.scheduling_optimizer - INFO - ✅ 在机台 A4 分配 92 箱 (11.50小时)
2025-09-20 21:34:45,702 - app.algorithms.monthly_scheduling.scheduling_optimizer - INFO - 产品 利群(软金色阳光) 需要 52.50小时，启用拆分调度
2025-09-20 21:34:45,702 - app.algorithms.monthly_scheduling.scheduling_optimizer - INFO - 开始大批量产品拆分调度: 利群(软金色阳光), 目标 420 箱
2025-09-20 21:34:45,702 - app.algorithms.monthly_scheduling.scheduling_optimizer - INFO - ✅ 在机台 A1 分配 136 箱 (17.00小时)
2025-09-20 21:34:45,703 - app.algorithms.monthly_scheduling.scheduling_optimizer - INFO - ✅ 在机台 A2 分配 136 箱 (17.00小时)
2025-09-20 21:34:45,703 - app.algorithms.monthly_scheduling.scheduling_optimizer - INFO - ✅ 在机台 A3 分配 136 箱 (17.00小时)
2025-09-20 21:34:45,704 - app.algorithms.monthly_scheduling.scheduling_optimizer - INFO - ✅ 在机台 A4 分配 12 箱 (1.50小时)
2025-09-20 21:34:45,704 - app.algorithms.monthly_scheduling.scheduling_optimizer - INFO - 产品 利群（红利) 需要 43.75小时，启用拆分调度
2025-09-20 21:34:45,705 - app.algorithms.monthly_scheduling.scheduling_optimizer - INFO - 开始大批量产品拆分调度: 利群（红利), 目标 350 箱
2025-09-20 21:34:45,705 - app.algorithms.monthly_scheduling.scheduling_optimizer - INFO - ✅ 在机台 A1 分配 136 箱 (17.00小时)
2025-09-20 21:34:45,705 - app.algorithms.monthly_scheduling.scheduling_optimizer - INFO - ✅ 在机台 A2 分配 136 箱 (17.00小时)
2025-09-20 21:34:45,705 - app.algorithms.monthly_scheduling.scheduling_optimizer - INFO - ✅ 在机台 A3 分配 78 箱 (9.75小时)
2025-09-20 21:34:45,706 - app.algorithms.monthly_scheduling.scheduling_optimizer - INFO - 产品 利群(休闲云端） 需要 36.25小时，启用拆分调度
2025-09-20 21:34:45,706 - app.algorithms.monthly_scheduling.scheduling_optimizer - INFO - 开始大批量产品拆分调度: 利群(休闲云端）, 目标 290 箱
2025-09-20 21:34:45,706 - app.algorithms.monthly_scheduling.scheduling_optimizer - INFO - ✅ 在机台 A1 分配 136 箱 (17.00小时)
2025-09-20 21:34:45,706 - app.algorithms.monthly_scheduling.scheduling_optimizer - INFO - ✅ 在机台 A2 分配 136 箱 (17.00小时)
2025-09-20 21:34:45,707 - app.algorithms.monthly_scheduling.scheduling_optimizer - INFO - ✅ 在机台 A3 分配 18 箱 (2.25小时)
2025-09-20 21:34:45,707 - app.algorithms.monthly_scheduling.scheduling_optimizer - INFO - ✅ 成功调度产品 利群(软长嘴国际版) 到机台 A1
2025-09-20 21:34:45,707 - app.algorithms.monthly_scheduling.scheduling_optimizer - INFO - ✅ 成功调度产品 利群（阳光国际版） 到机台 A2
2025-09-20 21:34:45,708 - app.algorithms.monthly_scheduling.scheduling_optimizer - INFO - ✅ 成功调度产品 利群（阳光菲律宾） 到机台 A3
2025-09-20 21:34:45,708 - app.algorithms.monthly_scheduling.scheduling_optimizer - INFO - ✅ 成功调度产品 利群（阳光HK） 到机台 A4
2025-09-20 21:34:45,708 - app.algorithms.monthly_scheduling.scheduling_optimizer - INFO - ✅ 成功调度产品 利群（阳光台湾） 到机台 A5
2025-09-20 21:34:45,709 - app.algorithms.monthly_scheduling.scheduling_optimizer - INFO - ✅ 成功调度产品 利群（阳光澳门免税） 到机台 A6
2025-09-20 21:34:45,709 - app.algorithms.monthly_scheduling.scheduling_optimizer - INFO - ✅ 成功调度产品 利群（阳光马来西亚） 到机台 A7
2025-09-20 21:34:45,709 - app.algorithms.monthly_scheduling.scheduling_optimizer - INFO - ✅ 成功调度产品 利群(软长嘴英文) 到机台 A8
2025-09-20 21:34:45,709 - app.algorithms.monthly_scheduling.scheduling_optimizer - INFO - 开始重试调度: 8 个产品
2025-09-20 21:34:45,709 - app.algorithms.monthly_scheduling.scheduling_optimizer - INFO - 时间窗口合并完成: 20 -> 20 个窗口
2025-09-20 21:34:45,710 - app.algorithms.monthly_scheduling.scheduling_optimizer - INFO - 时间窗口合并完成: 20 -> 20 个窗口
2025-09-20 21:34:45,710 - app.algorithms.monthly_scheduling.scheduling_optimizer - INFO - 时间窗口合并完成: 20 -> 20 个窗口
2025-09-20 21:34:45,710 - app.algorithms.monthly_scheduling.scheduling_optimizer - INFO - 时间窗口合并完成: 20 -> 20 个窗口
2025-09-20 21:34:45,711 - app.algorithms.monthly_scheduling.scheduling_optimizer - INFO - 时间窗口合并完成: 20 -> 20 个窗口
2025-09-20 21:34:45,711 - app.algorithms.monthly_scheduling.scheduling_optimizer - INFO - 时间窗口合并完成: 20 -> 20 个窗口
2025-09-20 21:34:45,711 - app.algorithms.monthly_scheduling.scheduling_optimizer - INFO - 时间窗口合并完成: 20 -> 20 个窗口
2025-09-20 21:34:45,711 - app.algorithms.monthly_scheduling.scheduling_optimizer - INFO - 时间窗口合并完成: 20 -> 20 个窗口
2025-09-20 21:34:45,712 - app.algorithms.monthly_scheduling.scheduling_optimizer - INFO - 时间窗口合并完成: 20 -> 20 个窗口
2025-09-20 21:34:45,712 - app.algorithms.monthly_scheduling.scheduling_optimizer - INFO - 时间窗口合并完成: 20 -> 20 个窗口
2025-09-20 21:34:45,712 - app.algorithms.monthly_scheduling.scheduling_optimizer - INFO - 时间窗口合并完成: 20 -> 20 个窗口
2025-09-20 21:34:45,712 - app.algorithms.monthly_scheduling.scheduling_optimizer - INFO - 时间窗口合并完成: 20 -> 20 个窗口
2025-09-20 21:34:45,712 - app.algorithms.monthly_scheduling.scheduling_optimizer - INFO - 时间窗口合并完成: 20 -> 20 个窗口
2025-09-20 21:34:45,713 - app.algorithms.monthly_scheduling.scheduling_optimizer - INFO - 时间窗口合并完成: 20 -> 20 个窗口
2025-09-20 21:34:45,713 - app.algorithms.monthly_scheduling.scheduling_optimizer - INFO - 时间窗口合并完成: 20 -> 20 个窗口
2025-09-20 21:34:45,713 - app.algorithms.monthly_scheduling.scheduling_optimizer - INFO - 时间窗口合并完成: 20 -> 20 个窗口
2025-09-20 21:34:45,714 - app.algorithms.monthly_scheduling.scheduling_optimizer - INFO - 时间窗口合并完成: 20 -> 20 个窗口
2025-09-20 21:34:45,714 - app.algorithms.monthly_scheduling.scheduling_optimizer - INFO - 时间窗口合并完成: 20 -> 20 个窗口
2025-09-20 21:34:45,714 - app.algorithms.monthly_scheduling.scheduling_optimizer - INFO - 时间窗口合并完成: 20 -> 20 个窗口
2025-09-20 21:34:45,715 - app.algorithms.monthly_scheduling.scheduling_optimizer - INFO - 时间窗口合并完成: 20 -> 20 个窗口
2025-09-20 21:34:45,715 - app.algorithms.monthly_scheduling.scheduling_optimizer - INFO - 时间窗口合并完成: 20 -> 20 个窗口
2025-09-20 21:34:45,715 - app.algorithms.monthly_scheduling.scheduling_optimizer - INFO - 时间窗口合并完成: 20 -> 20 个窗口
2025-09-20 21:34:45,715 - app.algorithms.monthly_scheduling.scheduling_optimizer - INFO - 时间窗口合并完成: 20 -> 20 个窗口
2025-09-20 21:34:45,715 - app.algorithms.monthly_scheduling.scheduling_optimizer - INFO - 时间窗口合并完成: 20 -> 20 个窗口
2025-09-20 21:34:45,716 - app.algorithms.monthly_scheduling.scheduling_optimizer - INFO - 时间窗口合并完成: 20 -> 20 个窗口
2025-09-20 21:34:45,716 - app.algorithms.monthly_scheduling.scheduling_optimizer - INFO - 时间窗口合并完成: 20 -> 20 个窗口
2025-09-20 21:34:45,716 - app.algorithms.monthly_scheduling.scheduling_optimizer - INFO - 时间窗口合并完成: 20 -> 20 个窗口
2025-09-20 21:34:45,717 - app.algorithms.monthly_scheduling.scheduling_optimizer - INFO - 时间窗口合并完成: 20 -> 20 个窗口
2025-09-20 21:34:45,717 - app.algorithms.monthly_scheduling.scheduling_optimizer - INFO - 时间窗口合并完成: 20 -> 20 个窗口
2025-09-20 21:34:45,718 - app.algorithms.monthly_scheduling.scheduling_optimizer - INFO - 时间窗口合并完成: 20 -> 20 个窗口
2025-09-20 21:34:45,718 - app.algorithms.monthly_scheduling.scheduling_optimizer - INFO - 时间窗口合并完成: 20 -> 20 个窗口
2025-09-20 21:34:45,718 - app.algorithms.monthly_scheduling.scheduling_optimizer - INFO - 时间窗口合并完成: 20 -> 20 个窗口
2025-09-20 21:34:45,718 - app.algorithms.monthly_scheduling.scheduling_optimizer - INFO - 时间窗口合并完成: 20 -> 20 个窗口
2025-09-20 21:34:45,719 - app.algorithms.monthly_scheduling.scheduling_optimizer - INFO - 时间窗口合并完成: 20 -> 20 个窗口
2025-09-20 21:34:45,719 - app.algorithms.monthly_scheduling.scheduling_optimizer - INFO - 时间窗口合并完成: 20 -> 20 个窗口
2025-09-20 21:34:45,719 - app.algorithms.monthly_scheduling.scheduling_optimizer - WARNING - 产品 利群(软长嘴) 拆分后仍有 22700 箱未分配
2025-09-20 21:34:45,720 - app.algorithms.monthly_scheduling.scheduling_optimizer - ERROR - 产品 利群(软长嘴) 最终调度失败
2025-09-20 21:34:45,720 - app.algorithms.monthly_scheduling.scheduling_optimizer - INFO - 时间窗口合并完成: 20 -> 20 个窗口
2025-09-20 21:34:45,720 - app.algorithms.monthly_scheduling.scheduling_optimizer - INFO - 时间窗口合并完成: 20 -> 20 个窗口
2025-09-20 21:34:45,720 - app.algorithms.monthly_scheduling.scheduling_optimizer - INFO - 时间窗口合并完成: 20 -> 20 个窗口
2025-09-20 21:34:45,721 - app.algorithms.monthly_scheduling.scheduling_optimizer - INFO - 时间窗口合并完成: 20 -> 20 个窗口
2025-09-20 21:34:45,721 - app.algorithms.monthly_scheduling.scheduling_optimizer - INFO - 时间窗口合并完成: 20 -> 20 个窗口
2025-09-20 21:34:45,721 - app.algorithms.monthly_scheduling.scheduling_optimizer - INFO - 时间窗口合并完成: 20 -> 20 个窗口
2025-09-20 21:34:45,721 - app.algorithms.monthly_scheduling.scheduling_optimizer - INFO - 时间窗口合并完成: 20 -> 20 个窗口
2025-09-20 21:34:45,722 - app.algorithms.monthly_scheduling.scheduling_optimizer - INFO - 时间窗口合并完成: 20 -> 20 个窗口
2025-09-20 21:34:45,722 - app.algorithms.monthly_scheduling.scheduling_optimizer - INFO - 时间窗口合并完成: 20 -> 20 个窗口
2025-09-20 21:34:45,722 - app.algorithms.monthly_scheduling.scheduling_optimizer - INFO - 时间窗口合并完成: 20 -> 20 个窗口
2025-09-20 21:34:45,723 - app.algorithms.monthly_scheduling.scheduling_optimizer - INFO - 时间窗口合并完成: 20 -> 20 个窗口
2025-09-20 21:34:45,723 - app.algorithms.monthly_scheduling.scheduling_optimizer - INFO - 时间窗口合并完成: 20 -> 20 个窗口
2025-09-20 21:34:45,723 - app.algorithms.monthly_scheduling.scheduling_optimizer - INFO - 时间窗口合并完成: 20 -> 20 个窗口
2025-09-20 21:34:45,724 - app.algorithms.monthly_scheduling.scheduling_optimizer - INFO - 时间窗口合并完成: 20 -> 20 个窗口
2025-09-20 21:34:45,724 - app.algorithms.monthly_scheduling.scheduling_optimizer - INFO - 时间窗口合并完成: 20 -> 20 个窗口
2025-09-20 21:34:45,724 - app.algorithms.monthly_scheduling.scheduling_optimizer - INFO - 时间窗口合并完成: 20 -> 20 个窗口
2025-09-20 21:34:45,724 - app.algorithms.monthly_scheduling.scheduling_optimizer - INFO - 时间窗口合并完成: 20 -> 20 个窗口
2025-09-20 21:34:45,725 - app.algorithms.monthly_scheduling.scheduling_optimizer - INFO - 时间窗口合并完成: 20 -> 20 个窗口
2025-09-20 21:34:45,725 - app.algorithms.monthly_scheduling.scheduling_optimizer - INFO - 时间窗口合并完成: 20 -> 20 个窗口
2025-09-20 21:34:45,725 - app.algorithms.monthly_scheduling.scheduling_optimizer - INFO - 时间窗口合并完成: 20 -> 20 个窗口
2025-09-20 21:34:45,725 - app.algorithms.monthly_scheduling.scheduling_optimizer - INFO - 时间窗口合并完成: 20 -> 20 个窗口
2025-09-20 21:34:45,726 - app.algorithms.monthly_scheduling.scheduling_optimizer - INFO - 时间窗口合并完成: 20 -> 20 个窗口
2025-09-20 21:34:45,726 - app.algorithms.monthly_scheduling.scheduling_optimizer - INFO - 时间窗口合并完成: 20 -> 20 个窗口
2025-09-20 21:34:45,726 - app.algorithms.monthly_scheduling.scheduling_optimizer - INFO - 时间窗口合并完成: 20 -> 20 个窗口
2025-09-20 21:34:45,726 - app.algorithms.monthly_scheduling.scheduling_optimizer - INFO - 时间窗口合并完成: 20 -> 20 个窗口
2025-09-20 21:34:45,726 - app.algorithms.monthly_scheduling.scheduling_optimizer - INFO - 时间窗口合并完成: 20 -> 20 个窗口
2025-09-20 21:34:45,726 - app.algorithms.monthly_scheduling.scheduling_optimizer - INFO - 时间窗口合并完成: 20 -> 20 个窗口
2025-09-20 21:34:45,727 - app.algorithms.monthly_scheduling.scheduling_optimizer - INFO - 时间窗口合并完成: 20 -> 20 个窗口
2025-09-20 21:34:45,727 - app.algorithms.monthly_scheduling.scheduling_optimizer - INFO - 时间窗口合并完成: 20 -> 20 个窗口
2025-09-20 21:34:45,727 - app.algorithms.monthly_scheduling.scheduling_optimizer - INFO - 时间窗口合并完成: 20 -> 20 个窗口
2025-09-20 21:34:45,727 - app.algorithms.monthly_scheduling.scheduling_optimizer - INFO - 时间窗口合并完成: 20 -> 20 个窗口
2025-09-20 21:34:45,728 - app.algorithms.monthly_scheduling.scheduling_optimizer - INFO - 时间窗口合并完成: 20 -> 20 个窗口
2025-09-20 21:34:45,728 - app.algorithms.monthly_scheduling.scheduling_optimizer - INFO - 时间窗口合并完成: 20 -> 20 个窗口
2025-09-20 21:34:45,728 - app.algorithms.monthly_scheduling.scheduling_optimizer - INFO - 时间窗口合并完成: 20 -> 20 个窗口
2025-09-20 21:34:45,728 - app.algorithms.monthly_scheduling.scheduling_optimizer - INFO - 时间窗口合并完成: 20 -> 20 个窗口
2025-09-20 21:34:45,729 - app.algorithms.monthly_scheduling.scheduling_optimizer - WARNING - 产品 利群（蓝天） 拆分后仍有 13500 箱未分配
2025-09-20 21:34:45,729 - app.algorithms.monthly_scheduling.scheduling_optimizer - ERROR - 产品 利群（蓝天） 最终调度失败
2025-09-20 21:34:45,729 - app.algorithms.monthly_scheduling.scheduling_optimizer - INFO - 时间窗口合并完成: 20 -> 20 个窗口
2025-09-20 21:34:45,730 - app.algorithms.monthly_scheduling.scheduling_optimizer - INFO - 时间窗口合并完成: 20 -> 20 个窗口
2025-09-20 21:34:45,730 - app.algorithms.monthly_scheduling.scheduling_optimizer - INFO - 时间窗口合并完成: 20 -> 20 个窗口
2025-09-20 21:34:45,731 - app.algorithms.monthly_scheduling.scheduling_optimizer - INFO - 时间窗口合并完成: 20 -> 20 个窗口
2025-09-20 21:34:45,731 - app.algorithms.monthly_scheduling.scheduling_optimizer - INFO - 时间窗口合并完成: 20 -> 20 个窗口
2025-09-20 21:34:45,731 - app.algorithms.monthly_scheduling.scheduling_optimizer - INFO - 时间窗口合并完成: 20 -> 20 个窗口
2025-09-20 21:34:45,732 - app.algorithms.monthly_scheduling.scheduling_optimizer - INFO - 时间窗口合并完成: 20 -> 20 个窗口
2025-09-20 21:34:45,732 - app.algorithms.monthly_scheduling.scheduling_optimizer - INFO - 时间窗口合并完成: 20 -> 20 个窗口
2025-09-20 21:34:45,732 - app.algorithms.monthly_scheduling.scheduling_optimizer - INFO - 时间窗口合并完成: 20 -> 20 个窗口
2025-09-20 21:34:45,733 - app.algorithms.monthly_scheduling.scheduling_optimizer - INFO - 时间窗口合并完成: 20 -> 20 个窗口
2025-09-20 21:34:45,733 - app.algorithms.monthly_scheduling.scheduling_optimizer - INFO - 时间窗口合并完成: 20 -> 20 个窗口
2025-09-20 21:34:45,733 - app.algorithms.monthly_scheduling.scheduling_optimizer - INFO - 时间窗口合并完成: 20 -> 20 个窗口
2025-09-20 21:34:45,734 - app.algorithms.monthly_scheduling.scheduling_optimizer - INFO - 时间窗口合并完成: 20 -> 20 个窗口
2025-09-20 21:34:45,734 - app.algorithms.monthly_scheduling.scheduling_optimizer - INFO - 时间窗口合并完成: 20 -> 20 个窗口
2025-09-20 21:34:45,734 - app.algorithms.monthly_scheduling.scheduling_optimizer - INFO - 时间窗口合并完成: 20 -> 20 个窗口
2025-09-20 21:34:45,735 - app.algorithms.monthly_scheduling.scheduling_optimizer - INFO - 时间窗口合并完成: 20 -> 20 个窗口
2025-09-20 21:34:45,735 - app.algorithms.monthly_scheduling.scheduling_optimizer - INFO - 时间窗口合并完成: 20 -> 20 个窗口
2025-09-20 21:34:45,735 - app.algorithms.monthly_scheduling.scheduling_optimizer - INFO - 时间窗口合并完成: 20 -> 20 个窗口
2025-09-20 21:34:45,736 - app.algorithms.monthly_scheduling.scheduling_optimizer - INFO - 时间窗口合并完成: 20 -> 20 个窗口
2025-09-20 21:34:45,736 - app.algorithms.monthly_scheduling.scheduling_optimizer - INFO - 时间窗口合并完成: 20 -> 20 个窗口
2025-09-20 21:34:45,736 - app.algorithms.monthly_scheduling.scheduling_optimizer - INFO - 时间窗口合并完成: 20 -> 20 个窗口
2025-09-20 21:34:45,737 - app.algorithms.monthly_scheduling.scheduling_optimizer - INFO - 时间窗口合并完成: 20 -> 20 个窗口
2025-09-20 21:34:45,737 - app.algorithms.monthly_scheduling.scheduling_optimizer - INFO - 时间窗口合并完成: 20 -> 20 个窗口
2025-09-20 21:34:45,738 - app.algorithms.monthly_scheduling.scheduling_optimizer - INFO - 时间窗口合并完成: 20 -> 20 个窗口
2025-09-20 21:34:45,738 - app.algorithms.monthly_scheduling.scheduling_optimizer - INFO - 时间窗口合并完成: 20 -> 20 个窗口
2025-09-20 21:34:45,739 - app.algorithms.monthly_scheduling.scheduling_optimizer - INFO - 时间窗口合并完成: 20 -> 20 个窗口
2025-09-20 21:34:45,739 - app.algorithms.monthly_scheduling.scheduling_optimizer - INFO - 时间窗口合并完成: 20 -> 20 个窗口
2025-09-20 21:34:45,739 - app.algorithms.monthly_scheduling.scheduling_optimizer - INFO - 时间窗口合并完成: 20 -> 20 个窗口
2025-09-20 21:34:45,740 - app.algorithms.monthly_scheduling.scheduling_optimizer - INFO - 时间窗口合并完成: 20 -> 20 个窗口
2025-09-20 21:34:45,740 - app.algorithms.monthly_scheduling.scheduling_optimizer - INFO - 时间窗口合并完成: 20 -> 20 个窗口
2025-09-20 21:34:45,740 - app.algorithms.monthly_scheduling.scheduling_optimizer - INFO - 时间窗口合并完成: 20 -> 20 个窗口
2025-09-20 21:34:45,741 - app.algorithms.monthly_scheduling.scheduling_optimizer - INFO - 时间窗口合并完成: 20 -> 20 个窗口
2025-09-20 21:34:45,741 - app.algorithms.monthly_scheduling.scheduling_optimizer - INFO - 时间窗口合并完成: 20 -> 20 个窗口
2025-09-20 21:34:45,741 - app.algorithms.monthly_scheduling.scheduling_optimizer - INFO - 时间窗口合并完成: 20 -> 20 个窗口
2025-09-20 21:34:45,742 - app.algorithms.monthly_scheduling.scheduling_optimizer - INFO - 时间窗口合并完成: 20 -> 20 个窗口
2025-09-20 21:34:45,742 - app.algorithms.monthly_scheduling.scheduling_optimizer - WARNING - 产品 利群（新版） 拆分后仍有 12200 箱未分配
2025-09-20 21:34:45,742 - app.algorithms.monthly_scheduling.scheduling_optimizer - ERROR - 产品 利群（新版） 最终调度失败
2025-09-20 21:34:45,743 - app.algorithms.monthly_scheduling.scheduling_optimizer - INFO - 时间窗口合并完成: 20 -> 20 个窗口
2025-09-20 21:34:45,743 - app.algorithms.monthly_scheduling.scheduling_optimizer - INFO - 时间窗口合并完成: 20 -> 20 个窗口
2025-09-20 21:34:45,743 - app.algorithms.monthly_scheduling.scheduling_optimizer - INFO - 时间窗口合并完成: 20 -> 20 个窗口
2025-09-20 21:34:45,744 - app.algorithms.monthly_scheduling.scheduling_optimizer - INFO - 时间窗口合并完成: 20 -> 20 个窗口
2025-09-20 21:34:45,744 - app.algorithms.monthly_scheduling.scheduling_optimizer - INFO - 时间窗口合并完成: 20 -> 20 个窗口
2025-09-20 21:34:45,745 - app.algorithms.monthly_scheduling.scheduling_optimizer - INFO - 时间窗口合并完成: 20 -> 20 个窗口
2025-09-20 21:34:45,745 - app.algorithms.monthly_scheduling.scheduling_optimizer - INFO - 时间窗口合并完成: 20 -> 20 个窗口
2025-09-20 21:34:45,745 - app.algorithms.monthly_scheduling.scheduling_optimizer - INFO - 时间窗口合并完成: 20 -> 20 个窗口
2025-09-20 21:34:45,746 - app.algorithms.monthly_scheduling.scheduling_optimizer - INFO - 时间窗口合并完成: 20 -> 20 个窗口
2025-09-20 21:34:45,746 - app.algorithms.monthly_scheduling.scheduling_optimizer - INFO - 时间窗口合并完成: 20 -> 20 个窗口
2025-09-20 21:34:45,746 - app.algorithms.monthly_scheduling.scheduling_optimizer - INFO - 时间窗口合并完成: 20 -> 20 个窗口
2025-09-20 21:34:45,747 - app.algorithms.monthly_scheduling.scheduling_optimizer - INFO - 时间窗口合并完成: 20 -> 20 个窗口
2025-09-20 21:34:45,747 - app.algorithms.monthly_scheduling.scheduling_optimizer - INFO - 时间窗口合并完成: 20 -> 20 个窗口
2025-09-20 21:34:45,747 - app.algorithms.monthly_scheduling.scheduling_optimizer - INFO - 时间窗口合并完成: 20 -> 20 个窗口
2025-09-20 21:34:45,748 - app.algorithms.monthly_scheduling.scheduling_optimizer - INFO - 时间窗口合并完成: 20 -> 20 个窗口
2025-09-20 21:34:45,748 - app.algorithms.monthly_scheduling.scheduling_optimizer - INFO - 时间窗口合并完成: 20 -> 20 个窗口
2025-09-20 21:34:45,749 - app.algorithms.monthly_scheduling.scheduling_optimizer - INFO - 时间窗口合并完成: 20 -> 20 个窗口
2025-09-20 21:34:45,749 - app.algorithms.monthly_scheduling.scheduling_optimizer - INFO - 时间窗口合并完成: 20 -> 20 个窗口
2025-09-20 21:34:45,749 - app.algorithms.monthly_scheduling.scheduling_optimizer - INFO - 时间窗口合并完成: 20 -> 20 个窗口
2025-09-20 21:34:45,749 - app.algorithms.monthly_scheduling.scheduling_optimizer - INFO - 时间窗口合并完成: 20 -> 20 个窗口
2025-09-20 21:34:45,750 - app.algorithms.monthly_scheduling.scheduling_optimizer - INFO - 时间窗口合并完成: 20 -> 20 个窗口
2025-09-20 21:34:45,750 - app.algorithms.monthly_scheduling.scheduling_optimizer - INFO - 时间窗口合并完成: 20 -> 20 个窗口
2025-09-20 21:34:45,750 - app.algorithms.monthly_scheduling.scheduling_optimizer - INFO - 时间窗口合并完成: 20 -> 20 个窗口
2025-09-20 21:34:45,751 - app.algorithms.monthly_scheduling.scheduling_optimizer - INFO - 时间窗口合并完成: 20 -> 20 个窗口
2025-09-20 21:34:45,751 - app.algorithms.monthly_scheduling.scheduling_optimizer - INFO - 时间窗口合并完成: 20 -> 20 个窗口
2025-09-20 21:34:45,751 - app.algorithms.monthly_scheduling.scheduling_optimizer - INFO - 时间窗口合并完成: 20 -> 20 个窗口
2025-09-20 21:34:45,752 - app.algorithms.monthly_scheduling.scheduling_optimizer - INFO - 时间窗口合并完成: 20 -> 20 个窗口
2025-09-20 21:34:45,752 - app.algorithms.monthly_scheduling.scheduling_optimizer - INFO - 时间窗口合并完成: 20 -> 20 个窗口
2025-09-20 21:34:45,752 - app.algorithms.monthly_scheduling.scheduling_optimizer - INFO - 时间窗口合并完成: 20 -> 20 个窗口
2025-09-20 21:34:45,753 - app.algorithms.monthly_scheduling.scheduling_optimizer - INFO - 时间窗口合并完成: 20 -> 20 个窗口
2025-09-20 21:34:45,753 - app.algorithms.monthly_scheduling.scheduling_optimizer - INFO - 时间窗口合并完成: 20 -> 20 个窗口
2025-09-20 21:34:45,754 - app.algorithms.monthly_scheduling.scheduling_optimizer - INFO - 时间窗口合并完成: 20 -> 20 个窗口
2025-09-20 21:34:45,754 - app.algorithms.monthly_scheduling.scheduling_optimizer - INFO - 时间窗口合并完成: 20 -> 20 个窗口
2025-09-20 21:34:45,754 - app.algorithms.monthly_scheduling.scheduling_optimizer - INFO - 时间窗口合并完成: 20 -> 20 个窗口
2025-09-20 21:34:45,755 - app.algorithms.monthly_scheduling.scheduling_optimizer - INFO - 时间窗口合并完成: 20 -> 20 个窗口
2025-09-20 21:34:45,755 - app.algorithms.monthly_scheduling.scheduling_optimizer - WARNING - 产品 利群(软红长嘴) 拆分后仍有 12000 箱未分配
2025-09-20 21:34:45,755 - app.algorithms.monthly_scheduling.scheduling_optimizer - ERROR - 产品 利群(软红长嘴) 最终调度失败
2025-09-20 21:34:45,756 - app.algorithms.monthly_scheduling.scheduling_optimizer - INFO - 时间窗口合并完成: 20 -> 20 个窗口
2025-09-20 21:34:45,756 - app.algorithms.monthly_scheduling.scheduling_optimizer - INFO - 时间窗口合并完成: 20 -> 20 个窗口
2025-09-20 21:34:45,756 - app.algorithms.monthly_scheduling.scheduling_optimizer - INFO - 时间窗口合并完成: 20 -> 20 个窗口
2025-09-20 21:34:45,757 - app.algorithms.monthly_scheduling.scheduling_optimizer - INFO - 时间窗口合并完成: 20 -> 20 个窗口
2025-09-20 21:34:45,757 - app.algorithms.monthly_scheduling.scheduling_optimizer - INFO - 时间窗口合并完成: 20 -> 20 个窗口
2025-09-20 21:34:45,757 - app.algorithms.monthly_scheduling.scheduling_optimizer - INFO - 时间窗口合并完成: 20 -> 20 个窗口
2025-09-20 21:34:45,757 - app.algorithms.monthly_scheduling.scheduling_optimizer - INFO - 时间窗口合并完成: 20 -> 20 个窗口
2025-09-20 21:34:45,758 - app.algorithms.monthly_scheduling.scheduling_optimizer - INFO - 时间窗口合并完成: 20 -> 20 个窗口
2025-09-20 21:34:45,758 - app.algorithms.monthly_scheduling.scheduling_optimizer - INFO - 时间窗口合并完成: 20 -> 20 个窗口
2025-09-20 21:34:45,758 - app.algorithms.monthly_scheduling.scheduling_optimizer - INFO - 时间窗口合并完成: 20 -> 20 个窗口
2025-09-20 21:34:45,759 - app.algorithms.monthly_scheduling.scheduling_optimizer - INFO - 时间窗口合并完成: 20 -> 20 个窗口
2025-09-20 21:34:45,759 - app.algorithms.monthly_scheduling.scheduling_optimizer - INFO - 时间窗口合并完成: 20 -> 20 个窗口
2025-09-20 21:34:45,759 - app.algorithms.monthly_scheduling.scheduling_optimizer - INFO - 时间窗口合并完成: 20 -> 20 个窗口
2025-09-20 21:34:45,759 - app.algorithms.monthly_scheduling.scheduling_optimizer - INFO - 时间窗口合并完成: 20 -> 20 个窗口
2025-09-20 21:34:45,760 - app.algorithms.monthly_scheduling.scheduling_optimizer - INFO - 时间窗口合并完成: 20 -> 20 个窗口
2025-09-20 21:34:45,760 - app.algorithms.monthly_scheduling.scheduling_optimizer - INFO - 时间窗口合并完成: 20 -> 20 个窗口
2025-09-20 21:34:45,760 - app.algorithms.monthly_scheduling.scheduling_optimizer - INFO - 时间窗口合并完成: 20 -> 20 个窗口
2025-09-20 21:34:45,761 - app.algorithms.monthly_scheduling.scheduling_optimizer - INFO - 时间窗口合并完成: 20 -> 20 个窗口
2025-09-20 21:34:45,761 - app.algorithms.monthly_scheduling.scheduling_optimizer - INFO - 时间窗口合并完成: 20 -> 20 个窗口
2025-09-20 21:34:45,761 - app.algorithms.monthly_scheduling.scheduling_optimizer - INFO - 时间窗口合并完成: 20 -> 20 个窗口
2025-09-20 21:34:45,761 - app.algorithms.monthly_scheduling.scheduling_optimizer - INFO - 时间窗口合并完成: 20 -> 20 个窗口
2025-09-20 21:34:45,762 - app.algorithms.monthly_scheduling.scheduling_optimizer - INFO - 时间窗口合并完成: 20 -> 20 个窗口
2025-09-20 21:34:45,762 - app.algorithms.monthly_scheduling.scheduling_optimizer - INFO - 时间窗口合并完成: 20 -> 20 个窗口
2025-09-20 21:34:45,763 - app.algorithms.monthly_scheduling.scheduling_optimizer - INFO - 时间窗口合并完成: 20 -> 20 个窗口
2025-09-20 21:34:45,763 - app.algorithms.monthly_scheduling.scheduling_optimizer - INFO - 时间窗口合并完成: 20 -> 20 个窗口
2025-09-20 21:34:45,763 - app.algorithms.monthly_scheduling.scheduling_optimizer - INFO - 时间窗口合并完成: 20 -> 20 个窗口
2025-09-20 21:34:45,764 - app.algorithms.monthly_scheduling.scheduling_optimizer - INFO - 时间窗口合并完成: 20 -> 20 个窗口
2025-09-20 21:34:45,764 - app.algorithms.monthly_scheduling.scheduling_optimizer - INFO - 时间窗口合并完成: 20 -> 20 个窗口
2025-09-20 21:34:45,764 - app.algorithms.monthly_scheduling.scheduling_optimizer - INFO - 时间窗口合并完成: 20 -> 20 个窗口
2025-09-20 21:34:45,765 - app.algorithms.monthly_scheduling.scheduling_optimizer - INFO - 时间窗口合并完成: 20 -> 20 个窗口
2025-09-20 21:34:45,765 - app.algorithms.monthly_scheduling.scheduling_optimizer - INFO - 时间窗口合并完成: 20 -> 20 个窗口
2025-09-20 21:34:45,765 - app.algorithms.monthly_scheduling.scheduling_optimizer - INFO - 时间窗口合并完成: 20 -> 20 个窗口
2025-09-20 21:34:45,766 - app.algorithms.monthly_scheduling.scheduling_optimizer - INFO - 时间窗口合并完成: 20 -> 20 个窗口
2025-09-20 21:34:45,766 - app.algorithms.monthly_scheduling.scheduling_optimizer - INFO - 时间窗口合并完成: 20 -> 20 个窗口
2025-09-20 21:34:45,766 - app.algorithms.monthly_scheduling.scheduling_optimizer - INFO - 时间窗口合并完成: 20 -> 20 个窗口
2025-09-20 21:34:45,767 - app.algorithms.monthly_scheduling.scheduling_optimizer - WARNING - 产品 利群(长嘴) 拆分后仍有 9750 箱未分配
2025-09-20 21:34:45,767 - app.algorithms.monthly_scheduling.scheduling_optimizer - ERROR - 产品 利群(长嘴) 最终调度失败
2025-09-20 21:34:45,767 - app.algorithms.monthly_scheduling.scheduling_optimizer - INFO - 时间窗口合并完成: 20 -> 20 个窗口
2025-09-20 21:34:45,768 - app.algorithms.monthly_scheduling.scheduling_optimizer - INFO - 时间窗口合并完成: 20 -> 20 个窗口
2025-09-20 21:34:45,768 - app.algorithms.monthly_scheduling.scheduling_optimizer - INFO - 时间窗口合并完成: 20 -> 20 个窗口
2025-09-20 21:34:45,768 - app.algorithms.monthly_scheduling.scheduling_optimizer - INFO - 时间窗口合并完成: 20 -> 20 个窗口
2025-09-20 21:34:45,769 - app.algorithms.monthly_scheduling.scheduling_optimizer - INFO - 时间窗口合并完成: 20 -> 20 个窗口
2025-09-20 21:34:45,769 - app.algorithms.monthly_scheduling.scheduling_optimizer - INFO - 时间窗口合并完成: 20 -> 20 个窗口
2025-09-20 21:34:45,770 - app.algorithms.monthly_scheduling.scheduling_optimizer - INFO - 时间窗口合并完成: 20 -> 20 个窗口
2025-09-20 21:34:45,770 - app.algorithms.monthly_scheduling.scheduling_optimizer - INFO - 时间窗口合并完成: 20 -> 20 个窗口
2025-09-20 21:34:45,770 - app.algorithms.monthly_scheduling.scheduling_optimizer - INFO - 时间窗口合并完成: 20 -> 20 个窗口
2025-09-20 21:34:45,771 - app.algorithms.monthly_scheduling.scheduling_optimizer - INFO - 时间窗口合并完成: 20 -> 20 个窗口
2025-09-20 21:34:45,771 - app.algorithms.monthly_scheduling.scheduling_optimizer - INFO - 时间窗口合并完成: 20 -> 20 个窗口
2025-09-20 21:34:45,771 - app.algorithms.monthly_scheduling.scheduling_optimizer - INFO - 时间窗口合并完成: 20 -> 20 个窗口
2025-09-20 21:34:45,771 - app.algorithms.monthly_scheduling.scheduling_optimizer - INFO - 时间窗口合并完成: 20 -> 20 个窗口
2025-09-20 21:34:45,771 - app.algorithms.monthly_scheduling.scheduling_optimizer - INFO - 时间窗口合并完成: 20 -> 20 个窗口
2025-09-20 21:34:45,771 - app.algorithms.monthly_scheduling.scheduling_optimizer - INFO - 时间窗口合并完成: 20 -> 20 个窗口
2025-09-20 21:34:45,772 - app.algorithms.monthly_scheduling.scheduling_optimizer - INFO - 时间窗口合并完成: 20 -> 20 个窗口
2025-09-20 21:34:45,772 - app.algorithms.monthly_scheduling.scheduling_optimizer - INFO - 时间窗口合并完成: 20 -> 20 个窗口
2025-09-20 21:34:45,772 - app.algorithms.monthly_scheduling.scheduling_optimizer - INFO - 时间窗口合并完成: 20 -> 20 个窗口
2025-09-20 21:34:45,772 - app.algorithms.monthly_scheduling.scheduling_optimizer - INFO - 时间窗口合并完成: 20 -> 20 个窗口
2025-09-20 21:34:45,773 - app.algorithms.monthly_scheduling.scheduling_optimizer - INFO - 时间窗口合并完成: 20 -> 20 个窗口
2025-09-20 21:34:45,773 - app.algorithms.monthly_scheduling.scheduling_optimizer - INFO - 时间窗口合并完成: 20 -> 20 个窗口
2025-09-20 21:34:45,773 - app.algorithms.monthly_scheduling.scheduling_optimizer - INFO - 时间窗口合并完成: 20 -> 20 个窗口
2025-09-20 21:34:45,774 - app.algorithms.monthly_scheduling.scheduling_optimizer - INFO - 时间窗口合并完成: 20 -> 20 个窗口
2025-09-20 21:34:45,774 - app.algorithms.monthly_scheduling.scheduling_optimizer - INFO - 时间窗口合并完成: 20 -> 20 个窗口
2025-09-20 21:34:45,774 - app.algorithms.monthly_scheduling.scheduling_optimizer - INFO - 时间窗口合并完成: 20 -> 20 个窗口
2025-09-20 21:34:45,775 - app.algorithms.monthly_scheduling.scheduling_optimizer - INFO - 时间窗口合并完成: 20 -> 20 个窗口
2025-09-20 21:34:45,775 - app.algorithms.monthly_scheduling.scheduling_optimizer - INFO - 时间窗口合并完成: 20 -> 20 个窗口
2025-09-20 21:34:45,775 - app.algorithms.monthly_scheduling.scheduling_optimizer - INFO - 时间窗口合并完成: 20 -> 20 个窗口
2025-09-20 21:34:45,776 - app.algorithms.monthly_scheduling.scheduling_optimizer - INFO - 时间窗口合并完成: 20 -> 20 个窗口
2025-09-20 21:34:45,776 - app.algorithms.monthly_scheduling.scheduling_optimizer - INFO - 时间窗口合并完成: 20 -> 20 个窗口
2025-09-20 21:34:45,776 - app.algorithms.monthly_scheduling.scheduling_optimizer - INFO - 时间窗口合并完成: 20 -> 20 个窗口
2025-09-20 21:34:45,777 - app.algorithms.monthly_scheduling.scheduling_optimizer - INFO - 时间窗口合并完成: 20 -> 20 个窗口
2025-09-20 21:34:45,777 - app.algorithms.monthly_scheduling.scheduling_optimizer - INFO - 时间窗口合并完成: 20 -> 20 个窗口
2025-09-20 21:34:45,778 - app.algorithms.monthly_scheduling.scheduling_optimizer - INFO - 时间窗口合并完成: 20 -> 20 个窗口
2025-09-20 21:34:45,778 - app.algorithms.monthly_scheduling.scheduling_optimizer - INFO - 时间窗口合并完成: 20 -> 20 个窗口
2025-09-20 21:34:45,778 - app.algorithms.monthly_scheduling.scheduling_optimizer - WARNING - 产品 雄狮(红老版) 拆分后仍有 5500 箱未分配
2025-09-20 21:34:45,779 - app.algorithms.monthly_scheduling.scheduling_optimizer - ERROR - 产品 雄狮(红老版) 最终调度失败
2025-09-20 21:34:45,779 - app.algorithms.monthly_scheduling.scheduling_optimizer - INFO - 时间窗口合并完成: 20 -> 20 个窗口
2025-09-20 21:34:45,780 - app.algorithms.monthly_scheduling.scheduling_optimizer - INFO - 时间窗口合并完成: 20 -> 20 个窗口
2025-09-20 21:34:45,780 - app.algorithms.monthly_scheduling.scheduling_optimizer - INFO - 时间窗口合并完成: 20 -> 20 个窗口
2025-09-20 21:34:45,780 - app.algorithms.monthly_scheduling.scheduling_optimizer - INFO - 时间窗口合并完成: 20 -> 20 个窗口
2025-09-20 21:34:45,781 - app.algorithms.monthly_scheduling.scheduling_optimizer - INFO - 时间窗口合并完成: 20 -> 20 个窗口
2025-09-20 21:34:45,781 - app.algorithms.monthly_scheduling.scheduling_optimizer - INFO - 时间窗口合并完成: 20 -> 20 个窗口
2025-09-20 21:34:45,782 - app.algorithms.monthly_scheduling.scheduling_optimizer - INFO - 时间窗口合并完成: 20 -> 20 个窗口
2025-09-20 21:34:45,782 - app.algorithms.monthly_scheduling.scheduling_optimizer - INFO - 时间窗口合并完成: 20 -> 20 个窗口
2025-09-20 21:34:45,782 - app.algorithms.monthly_scheduling.scheduling_optimizer - INFO - 时间窗口合并完成: 20 -> 20 个窗口
2025-09-20 21:34:45,783 - app.algorithms.monthly_scheduling.scheduling_optimizer - INFO - 时间窗口合并完成: 20 -> 20 个窗口
2025-09-20 21:34:45,783 - app.algorithms.monthly_scheduling.scheduling_optimizer - INFO - 时间窗口合并完成: 20 -> 20 个窗口
2025-09-20 21:34:45,783 - app.algorithms.monthly_scheduling.scheduling_optimizer - INFO - 时间窗口合并完成: 20 -> 20 个窗口
2025-09-20 21:34:45,784 - app.algorithms.monthly_scheduling.scheduling_optimizer - INFO - 时间窗口合并完成: 20 -> 20 个窗口
2025-09-20 21:34:45,784 - app.algorithms.monthly_scheduling.scheduling_optimizer - INFO - 时间窗口合并完成: 20 -> 20 个窗口
2025-09-20 21:34:45,784 - app.algorithms.monthly_scheduling.scheduling_optimizer - INFO - 时间窗口合并完成: 20 -> 20 个窗口
2025-09-20 21:34:45,785 - app.algorithms.monthly_scheduling.scheduling_optimizer - INFO - 时间窗口合并完成: 20 -> 20 个窗口
2025-09-20 21:34:45,785 - app.algorithms.monthly_scheduling.scheduling_optimizer - INFO - 时间窗口合并完成: 20 -> 20 个窗口
2025-09-20 21:34:45,786 - app.algorithms.monthly_scheduling.scheduling_optimizer - INFO - 时间窗口合并完成: 20 -> 20 个窗口
2025-09-20 21:34:45,786 - app.algorithms.monthly_scheduling.scheduling_optimizer - INFO - 时间窗口合并完成: 20 -> 20 个窗口
2025-09-20 21:34:45,787 - app.algorithms.monthly_scheduling.scheduling_optimizer - INFO - 时间窗口合并完成: 20 -> 20 个窗口
2025-09-20 21:34:45,787 - app.algorithms.monthly_scheduling.scheduling_optimizer - INFO - 时间窗口合并完成: 20 -> 20 个窗口
2025-09-20 21:34:45,787 - app.algorithms.monthly_scheduling.scheduling_optimizer - INFO - 时间窗口合并完成: 20 -> 20 个窗口
2025-09-20 21:34:45,788 - app.algorithms.monthly_scheduling.scheduling_optimizer - INFO - 时间窗口合并完成: 20 -> 20 个窗口
2025-09-20 21:34:45,788 - app.algorithms.monthly_scheduling.scheduling_optimizer - INFO - 时间窗口合并完成: 20 -> 20 个窗口
2025-09-20 21:34:45,788 - app.algorithms.monthly_scheduling.scheduling_optimizer - INFO - 时间窗口合并完成: 20 -> 20 个窗口
2025-09-20 21:34:45,789 - app.algorithms.monthly_scheduling.scheduling_optimizer - INFO - 时间窗口合并完成: 20 -> 20 个窗口
2025-09-20 21:34:45,789 - app.algorithms.monthly_scheduling.scheduling_optimizer - INFO - 时间窗口合并完成: 20 -> 20 个窗口
2025-09-20 21:34:45,789 - app.algorithms.monthly_scheduling.scheduling_optimizer - INFO - 时间窗口合并完成: 20 -> 20 个窗口
2025-09-20 21:34:45,789 - app.algorithms.monthly_scheduling.scheduling_optimizer - INFO - 时间窗口合并完成: 20 -> 20 个窗口
2025-09-20 21:34:45,789 - app.algorithms.monthly_scheduling.scheduling_optimizer - INFO - 时间窗口合并完成: 20 -> 20 个窗口
2025-09-20 21:34:45,790 - app.algorithms.monthly_scheduling.scheduling_optimizer - INFO - 时间窗口合并完成: 20 -> 20 个窗口
2025-09-20 21:34:45,790 - app.algorithms.monthly_scheduling.scheduling_optimizer - INFO - 时间窗口合并完成: 20 -> 20 个窗口
2025-09-20 21:34:45,790 - app.algorithms.monthly_scheduling.scheduling_optimizer - INFO - 时间窗口合并完成: 20 -> 20 个窗口
2025-09-20 21:34:45,791 - app.algorithms.monthly_scheduling.scheduling_optimizer - INFO - 时间窗口合并完成: 20 -> 20 个窗口
2025-09-20 21:34:45,791 - app.algorithms.monthly_scheduling.scheduling_optimizer - INFO - 时间窗口合并完成: 20 -> 20 个窗口
2025-09-20 21:34:45,791 - app.algorithms.monthly_scheduling.scheduling_optimizer - WARNING - 产品 利群(阳光) 拆分后仍有 4700 箱未分配
2025-09-20 21:34:45,791 - app.algorithms.monthly_scheduling.scheduling_optimizer - ERROR - 产品 利群(阳光) 最终调度失败
2025-09-20 21:34:45,792 - app.algorithms.monthly_scheduling.scheduling_optimizer - INFO - 时间窗口合并完成: 20 -> 20 个窗口
2025-09-20 21:34:45,792 - app.algorithms.monthly_scheduling.scheduling_optimizer - INFO - 时间窗口合并完成: 20 -> 20 个窗口
2025-09-20 21:34:45,792 - app.algorithms.monthly_scheduling.scheduling_optimizer - INFO - 时间窗口合并完成: 20 -> 20 个窗口
2025-09-20 21:34:45,793 - app.algorithms.monthly_scheduling.scheduling_optimizer - INFO - 时间窗口合并完成: 20 -> 20 个窗口
2025-09-20 21:34:45,793 - app.algorithms.monthly_scheduling.scheduling_optimizer - INFO - 时间窗口合并完成: 20 -> 20 个窗口
2025-09-20 21:34:45,793 - app.algorithms.monthly_scheduling.scheduling_optimizer - INFO - 时间窗口合并完成: 20 -> 20 个窗口
2025-09-20 21:34:45,793 - app.algorithms.monthly_scheduling.scheduling_optimizer - INFO - 时间窗口合并完成: 20 -> 20 个窗口
2025-09-20 21:34:45,794 - app.algorithms.monthly_scheduling.scheduling_optimizer - INFO - 时间窗口合并完成: 20 -> 20 个窗口
2025-09-20 21:34:45,794 - app.algorithms.monthly_scheduling.scheduling_optimizer - INFO - 时间窗口合并完成: 20 -> 20 个窗口
2025-09-20 21:34:45,794 - app.algorithms.monthly_scheduling.scheduling_optimizer - INFO - 时间窗口合并完成: 20 -> 20 个窗口
2025-09-20 21:34:45,794 - app.algorithms.monthly_scheduling.scheduling_optimizer - INFO - 时间窗口合并完成: 20 -> 20 个窗口
2025-09-20 21:34:45,795 - app.algorithms.monthly_scheduling.scheduling_optimizer - INFO - 时间窗口合并完成: 20 -> 20 个窗口
2025-09-20 21:34:45,795 - app.algorithms.monthly_scheduling.scheduling_optimizer - INFO - 时间窗口合并完成: 20 -> 20 个窗口
2025-09-20 21:34:45,795 - app.algorithms.monthly_scheduling.scheduling_optimizer - INFO - 时间窗口合并完成: 20 -> 20 个窗口
2025-09-20 21:34:45,795 - app.algorithms.monthly_scheduling.scheduling_optimizer - INFO - 时间窗口合并完成: 20 -> 20 个窗口
2025-09-20 21:34:45,795 - app.algorithms.monthly_scheduling.scheduling_optimizer - INFO - 时间窗口合并完成: 20 -> 20 个窗口
2025-09-20 21:34:45,795 - app.algorithms.monthly_scheduling.scheduling_optimizer - INFO - 时间窗口合并完成: 20 -> 20 个窗口
2025-09-20 21:34:45,796 - app.algorithms.monthly_scheduling.scheduling_optimizer - INFO - 时间窗口合并完成: 20 -> 20 个窗口
2025-09-20 21:34:45,796 - app.algorithms.monthly_scheduling.scheduling_optimizer - INFO - 时间窗口合并完成: 20 -> 20 个窗口
2025-09-20 21:34:45,796 - app.algorithms.monthly_scheduling.scheduling_optimizer - INFO - 时间窗口合并完成: 20 -> 20 个窗口
2025-09-20 21:34:45,796 - app.algorithms.monthly_scheduling.scheduling_optimizer - INFO - 时间窗口合并完成: 20 -> 20 个窗口
2025-09-20 21:34:45,796 - app.algorithms.monthly_scheduling.scheduling_optimizer - INFO - 时间窗口合并完成: 20 -> 20 个窗口
2025-09-20 21:34:45,796 - app.algorithms.monthly_scheduling.scheduling_optimizer - INFO - 时间窗口合并完成: 20 -> 20 个窗口
2025-09-20 21:34:45,796 - app.algorithms.monthly_scheduling.scheduling_optimizer - INFO - 时间窗口合并完成: 20 -> 20 个窗口
2025-09-20 21:34:45,797 - app.algorithms.monthly_scheduling.scheduling_optimizer - INFO - 时间窗口合并完成: 20 -> 20 个窗口
2025-09-20 21:34:45,797 - app.algorithms.monthly_scheduling.scheduling_optimizer - INFO - 时间窗口合并完成: 20 -> 20 个窗口
2025-09-20 21:34:45,797 - app.algorithms.monthly_scheduling.scheduling_optimizer - INFO - 时间窗口合并完成: 20 -> 20 个窗口
2025-09-20 21:34:45,797 - app.algorithms.monthly_scheduling.scheduling_optimizer - INFO - 时间窗口合并完成: 20 -> 20 个窗口
2025-09-20 21:34:45,797 - app.algorithms.monthly_scheduling.scheduling_optimizer - INFO - 时间窗口合并完成: 20 -> 20 个窗口
2025-09-20 21:34:45,798 - app.algorithms.monthly_scheduling.scheduling_optimizer - INFO - 时间窗口合并完成: 20 -> 20 个窗口
2025-09-20 21:34:45,798 - app.algorithms.monthly_scheduling.scheduling_optimizer - INFO - 时间窗口合并完成: 20 -> 20 个窗口
2025-09-20 21:34:45,798 - app.algorithms.monthly_scheduling.scheduling_optimizer - INFO - 时间窗口合并完成: 20 -> 20 个窗口
2025-09-20 21:34:45,798 - app.algorithms.monthly_scheduling.scheduling_optimizer - INFO - 时间窗口合并完成: 20 -> 20 个窗口
2025-09-20 21:34:45,798 - app.algorithms.monthly_scheduling.scheduling_optimizer - INFO - 时间窗口合并完成: 20 -> 20 个窗口
2025-09-20 21:34:45,799 - app.algorithms.monthly_scheduling.scheduling_optimizer - INFO - 时间窗口合并完成: 20 -> 20 个窗口
2025-09-20 21:34:45,799 - app.algorithms.monthly_scheduling.scheduling_optimizer - WARNING - 产品 利群(西子阳光) 拆分后仍有 3400 箱未分配
2025-09-20 21:34:45,799 - app.algorithms.monthly_scheduling.scheduling_optimizer - ERROR - 产品 利群(西子阳光) 最终调度失败
2025-09-20 21:34:45,799 - app.algorithms.monthly_scheduling.scheduling_optimizer - INFO - 调度覆盖性验证: 覆盖率 1.8%, 完全覆盖 8 个产品, 缺失 8 个产品
2025-09-20 21:34:45,799 - app.algorithms.monthly_scheduling.scheduling_optimizer - INFO - 调度优化完成: 成功调度 18 个产品
2025-09-20 21:34:45,799 - app.algorithms.monthly_scheduling.scheduling_optimizer - INFO - 时间重叠验证通过：所有机台时间窗口无重叠
2025-09-20 21:34:45,800 - app.algorithms.monthly_scheduling.scheduling_optimizer - INFO - 调度覆盖性验证: 覆盖率 1.8%, 完全覆盖 8 个产品, 缺失 8 个产品
2025-09-20 21:34:45,800 - app.algorithms.monthly_scheduling.monthly_scheduling_engine - INFO - Phase 4 完成: 成功调度 18 个产品, 未分配 8 个, 零重叠验证: 通过
2025-09-20 21:34:45,800 - app.algorithms.monthly_scheduling.monthly_scheduling_engine - INFO - [66.7%] PHASE_4_OPTIMIZATION: 调度优化完成
2025-09-20 21:34:45,991 - app.algorithms.monthly_scheduling.monthly_scheduling_engine - INFO - === Phase 5: 约束验证阶段 ===
2025-09-20 21:34:45,991 - app.algorithms.monthly_scheduling.monthly_scheduling_engine - INFO - [66.7%] PHASE_5_VALIDATION: 开始约束验证
2025-09-20 21:34:46,180 - app.algorithms.monthly_scheduling.constraint_validator - INFO - 开始执行约束验证
2025-09-20 21:34:46,181 - app.algorithms.monthly_scheduling.constraint_validator - INFO - 约束验证完成: 失败, 严重错误 10 个, 警告 18 个
2025-09-20 21:34:46,181 - app.algorithms.monthly_scheduling.monthly_scheduling_engine - ERROR - Phase 5 失败: 约束验证失败: 发现 10 个严重违规
2025-09-20 21:34:46,181 - app.algorithms.monthly_scheduling.monthly_scheduling_engine - ERROR - 算法执行失败: 约束验证失败: 发现 10 个严重违规
2025-09-20 21:34:46,181 - app.algorithms.monthly_scheduling.monthly_scheduling_engine - ERROR - 月度排产算法执行失败: 约束验证失败: 发现 10 个严重违规
INFO:     127.0.0.1:55579 - "GET /api/v1/monthly-scheduling/tasks/MONTHLY_TASK_20250920_213442_9D33089D HTTP/1.1" 200 OK
INFO:     10.0.0.87:50751 - "GET /api/v1/monthly-data/imports?page=1&page_size=10&sort_by=created_time&sort_order=desc HTTP/1.1" 200 OK
INFO:     10.0.0.87:50765 - "GET /api/v1/monthly-data/imports?page=1&page_size=10&status=COMPLETED HTTP/1.1" 200 OK
INFO:     10.0.0.87:50751 - "GET /api/v1/monthly-scheduling/tasks?page=1&page_size=5 HTTP/1.1" 200 OK
INFO:     10.0.0.87:50765 - "GET /api/v1/monthly-scheduling/tasks?monthly_batch_id=MONTHLY_20250919_200606_AE17&page=1&page_size=1 HTTP/1.1" 200 OK
sys:1: SAWarning: SELECT statement has a cartesian product between FROM element(s) "aps_machine" and FROM element "anon_1".  Apply join condition(s) between each element to resolve.
INFO:     10.0.0.87:50765 - "GET /api/v1/machines/machines HTTP/1.1" 200 OK
INFO:     10.0.0.87:50751 - "GET /api/v1/monthly-work-orders/schedule?monthly_batch_id=MONTHLY_20250919_200606_AE17&task_id=MONTHLY_TASK_20250921_002755_D7D30886 HTTP/1.1" 200 OK
INFO:     10.0.0.87:52241 - "GET /api/v1/monthly-data/imports?page=1&page_size=10&sort_by=created_time&sort_order=desc HTTP/1.1" 200 OK
INFO:     10.0.0.87:52271 - "GET /api/v1/monthly-data/imports?page=1&page_size=10&status=COMPLETED HTTP/1.1" 200 OK
INFO:     10.0.0.87:52270 - "GET /api/v1/monthly-scheduling/tasks?page=1&page_size=5 HTTP/1.1" 200 OK
INFO:     10.0.0.87:52271 - "GET /api/v1/monthly-scheduling/tasks?monthly_batch_id=MONTHLY_20250919_200606_AE17&page=1&page_size=1 HTTP/1.1" 200 OK
INFO:     10.0.0.87:52271 - "OPTIONS /api/v1/monthly-scheduling/execute HTTP/1.1" 200 OK
INFO:     10.0.0.87:52270 - "POST /api/v1/monthly-scheduling/execute HTTP/1.1" 200 OK
INFO:     10.0.0.87:52270 - "GET /api/v1/monthly-scheduling/tasks/MONTHLY_TASK_20250921_004016_8C95ACF9/status HTTP/1.1" 404 Not Found
INFO:     10.0.0.87:52270 - "GET /api/v1/monthly-data/imports?page=1&page_size=10&status=COMPLETED HTTP/1.1" 200 OK
2025-09-21 00:40:17,335 - root - INFO - 🚀 使用完整算法引擎执行月度排产: 批次=MONTHLY_20250919_200606_AE17
INFO:     10.0.0.87:52270 - "GET /api/v1/monthly-scheduling/tasks?monthly_batch_id=MONTHLY_20250919_200606_AE17&page=1&page_size=1 HTTP/1.1" 200 OK
2025-09-21 00:40:17,715 - app.algorithms.monthly_scheduling.monthly_scheduling_engine - INFO - 算法执行环境初始化完成: 任务ID MONTHLY_TASK_20250921_004016_8C95ACF9
2025-09-21 00:40:17,717 - app.algorithms.monthly_scheduling.monthly_scheduling_engine - INFO - [0.0%] PHASE_1_DATA_LOADING: 算法初始化完成
2025-09-21 00:40:17,901 - app.algorithms.monthly_scheduling.monthly_scheduling_engine - INFO - 开始执行月度排产算法: 批次 MONTHLY_20250919_200606_AE17, 任务 MONTHLY_TASK_20250921_004016_8C95ACF9
2025-09-21 00:40:17,901 - app.algorithms.monthly_scheduling.monthly_scheduling_engine - INFO - === Phase 1: 数据加载阶段 ===
2025-09-21 00:40:17,901 - app.algorithms.monthly_scheduling.monthly_scheduling_engine - INFO - [0.0%] PHASE_1_DATA_LOADING: 开始数据加载
2025-09-21 00:40:18,094 - app.algorithms.monthly_scheduling.database_loader - INFO - 开始加载月度批次数据: MONTHLY_20250919_200606_AE17
2025-09-21 00:40:18,240 - app.algorithms.monthly_scheduling.database_loader - INFO - 加载月度计划: 26 条记录
2025-09-21 00:40:18,268 - app.algorithms.monthly_scheduling.database_loader - INFO - 加载机台信息: 卷包机 35 台, 喂丝机 32 台
2025-09-21 00:40:18,296 - app.algorithms.monthly_scheduling.database_loader - INFO - 加载速度配置: 特定配置 0 项, 通配符配置 22 项
2025-09-21 00:40:18,323 - app.algorithms.monthly_scheduling.database_loader - INFO - 加载机台关系: 35 对关系
2025-09-21 00:40:18,350 - app.algorithms.monthly_scheduling.database_loader - INFO - 加载班次配置: 2 个班次
2025-09-21 00:40:18,381 - app.algorithms.monthly_scheduling.database_loader - INFO - 加载工作日历: 2019年7月
2025-09-21 00:40:18,405 - app.algorithms.monthly_scheduling.database_loader - WARNING - 维护计划表为空，算法将忽略维护约束
2025-09-21 00:40:18,405 - app.algorithms.monthly_scheduling.database_loader - INFO - 加载维护计划: 0 个计划
2025-09-21 00:40:18,405 - app.algorithms.monthly_scheduling.database_loader - INFO - 数据完整性验证通过
2025-09-21 00:40:18,405 - app.algorithms.monthly_scheduling.database_loader - INFO - 所有数据加载完成
2025-09-21 00:40:18,405 - app.algorithms.monthly_scheduling.monthly_scheduling_engine - INFO - Phase 1 完成: 加载月度计划 26 个, 卷包机 35 台, 喂丝机 32 台
2025-09-21 00:40:18,406 - app.algorithms.monthly_scheduling.monthly_scheduling_engine - INFO - [16.7%] PHASE_1_DATA_LOADING: 数据加载完成
2025-09-21 00:40:18,476 - app.algorithms.monthly_scheduling.monthly_scheduling_engine - INFO - === Phase 2: 时间窗口计算阶段 ===
2025-09-21 00:40:18,476 - app.algorithms.monthly_scheduling.monthly_scheduling_engine - INFO - [16.7%] PHASE_2_TIME_WINDOWS: 开始时间窗口计算
2025-09-21 00:40:18,659 - app.algorithms.monthly_scheduling.time_window_calculator - INFO - 开始计算机台可用时间窗口
2025-09-21 00:40:18,659 - app.algorithms.monthly_scheduling.time_window_calculator - INFO - 生成基础时间窗口: 40 个时间段
2025-09-21 00:40:18,663 - app.algorithms.monthly_scheduling.time_window_calculator - INFO - 动态计算期望总时长: 20天 × 17.33小时/天 = 346.67小时
2025-09-21 00:40:18,665 - app.algorithms.monthly_scheduling.time_window_calculator - INFO - 时间窗口完整性验证通过
2025-09-21 00:40:18,665 - app.algorithms.monthly_scheduling.time_window_calculator - INFO - 完成时间窗口计算: 35 台机台
2025-09-21 00:40:18,665 - app.algorithms.monthly_scheduling.monthly_scheduling_engine - INFO - Phase 2 完成: 生成 35 台机台的时间窗口, 总计 700 个时间段, 12133.3 小时
2025-09-21 00:40:18,665 - app.algorithms.monthly_scheduling.monthly_scheduling_engine - INFO - [33.3%] PHASE_2_TIME_WINDOWS: 时间窗口计算完成
2025-09-21 00:40:18,851 - app.algorithms.monthly_scheduling.monthly_scheduling_engine - INFO - === Phase 3: 产能计算阶段 ===
2025-09-21 00:40:18,851 - app.algorithms.monthly_scheduling.monthly_scheduling_engine - INFO - [33.3%] PHASE_3_CAPACITY_CALC: 开始产能计算
2025-09-21 00:40:19,041 - app.algorithms.monthly_scheduling.capacity_calculator - INFO - 开始计算卷包机产能矩阵
2025-09-21 00:40:19,050 - app.algorithms.monthly_scheduling.capacity_calculator - INFO - 完成产能计算: 910 个机台-产品组合
2025-09-21 00:40:19,050 - app.algorithms.monthly_scheduling.capacity_calculator - INFO - 验证产能约束
2025-09-21 00:40:19,052 - app.algorithms.monthly_scheduling.capacity_calculator - INFO - 产能约束验证完成: 可生产产品 18/26
2025-09-21 00:40:19,053 - app.algorithms.monthly_scheduling.monthly_scheduling_engine - INFO - Phase 3 完成: 计算 910 个机台-产品组合, 可行组合 630 个 (69.2%)
2025-09-21 00:40:19,053 - app.algorithms.monthly_scheduling.monthly_scheduling_engine - INFO - [50.0%] PHASE_3_CAPACITY_CALC: 产能计算完成
2025-09-21 00:40:19,231 - app.algorithms.monthly_scheduling.monthly_scheduling_engine - INFO - === Phase 4: 调度优化阶段 ===
2025-09-21 00:40:19,232 - app.algorithms.monthly_scheduling.monthly_scheduling_engine - INFO - [50.0%] PHASE_4_OPTIMIZATION: 开始调度优化
2025-09-21 00:40:19,411 - app.algorithms.monthly_scheduling.scheduling_optimizer - INFO - 开始执行调度优化算法
2025-09-21 00:40:19,414 - app.algorithms.monthly_scheduling.scheduling_optimizer - INFO - 产品优先级排序完成: 26 个产品
2025-09-21 00:40:19,415 - app.algorithms.monthly_scheduling.scheduling_optimizer - WARNING - 产品 利群(软长嘴) 没有可用机台
2025-09-21 00:40:19,415 - app.algorithms.monthly_scheduling.scheduling_optimizer - WARNING - 产品 利群(软长嘴) 初次调度失败，加入重试队列
2025-09-21 00:40:19,415 - app.algorithms.monthly_scheduling.scheduling_optimizer - WARNING - 产品 利群（蓝天） 没有可用机台
2025-09-21 00:40:19,415 - app.algorithms.monthly_scheduling.scheduling_optimizer - WARNING - 产品 利群（蓝天） 初次调度失败，加入重试队列
2025-09-21 00:40:19,415 - app.algorithms.monthly_scheduling.scheduling_optimizer - WARNING - 产品 利群（新版） 没有可用机台
2025-09-21 00:40:19,415 - app.algorithms.monthly_scheduling.scheduling_optimizer - WARNING - 产品 利群（新版） 初次调度失败，加入重试队列
2025-09-21 00:40:19,415 - app.algorithms.monthly_scheduling.scheduling_optimizer - WARNING - 产品 利群(软红长嘴) 没有可用机台
2025-09-21 00:40:19,415 - app.algorithms.monthly_scheduling.scheduling_optimizer - WARNING - 产品 利群(软红长嘴) 初次调度失败，加入重试队列
2025-09-21 00:40:19,415 - app.algorithms.monthly_scheduling.scheduling_optimizer - WARNING - 产品 利群(长嘴) 没有可用机台
2025-09-21 00:40:19,415 - app.algorithms.monthly_scheduling.scheduling_optimizer - WARNING - 产品 利群(长嘴) 初次调度失败，加入重试队列
2025-09-21 00:40:19,415 - app.algorithms.monthly_scheduling.scheduling_optimizer - WARNING - 产品 雄狮(红老版) 没有可用机台
2025-09-21 00:40:19,415 - app.algorithms.monthly_scheduling.scheduling_optimizer - WARNING - 产品 雄狮(红老版) 初次调度失败，加入重试队列
2025-09-21 00:40:19,415 - app.algorithms.monthly_scheduling.scheduling_optimizer - WARNING - 产品 利群(阳光) 没有可用机台
2025-09-21 00:40:19,415 - app.algorithms.monthly_scheduling.scheduling_optimizer - WARNING - 产品 利群(阳光) 初次调度失败，加入重试队列
2025-09-21 00:40:19,415 - app.algorithms.monthly_scheduling.scheduling_optimizer - WARNING - 产品 利群(西子阳光) 没有可用机台
2025-09-21 00:40:19,415 - app.algorithms.monthly_scheduling.scheduling_optimizer - WARNING - 产品 利群(西子阳光) 初次调度失败，加入重试队列
2025-09-21 00:40:19,416 - app.algorithms.monthly_scheduling.scheduling_optimizer - INFO - 产品 利群（夜西湖） 需要 237.50小时，启用拆分调度
2025-09-21 00:40:19,416 - app.algorithms.monthly_scheduling.scheduling_optimizer - INFO - 开始大批量产品拆分调度: 利群（夜西湖）, 目标 1900 箱
2025-09-21 00:40:19,417 - app.algorithms.monthly_scheduling.scheduling_optimizer - INFO - ✅ 在机台 A1 分配 136 箱 (17.00小时)
2025-09-21 00:40:19,417 - app.algorithms.monthly_scheduling.scheduling_optimizer - INFO - ✅ 在机台 A2 分配 136 箱 (17.00小时)
2025-09-21 00:40:19,418 - app.algorithms.monthly_scheduling.scheduling_optimizer - INFO - ✅ 在机台 A3 分配 136 箱 (17.00小时)
2025-09-21 00:40:19,418 - app.algorithms.monthly_scheduling.scheduling_optimizer - INFO - ✅ 在机台 A4 分配 136 箱 (17.00小时)
2025-09-21 00:40:19,418 - app.algorithms.monthly_scheduling.scheduling_optimizer - INFO - ✅ 在机台 A5 分配 136 箱 (17.00小时)
2025-09-21 00:40:19,418 - app.algorithms.monthly_scheduling.scheduling_optimizer - INFO - ✅ 在机台 A6 分配 136 箱 (17.00小时)
2025-09-21 00:40:19,419 - app.algorithms.monthly_scheduling.scheduling_optimizer - INFO - ✅ 在机台 A7 分配 136 箱 (17.00小时)
2025-09-21 00:40:19,419 - app.algorithms.monthly_scheduling.scheduling_optimizer - INFO - ✅ 在机台 A8 分配 136 箱 (17.00小时)
2025-09-21 00:40:19,419 - app.algorithms.monthly_scheduling.scheduling_optimizer - INFO - ✅ 在机台 A9 分配 136 箱 (17.00小时)
2025-09-21 00:40:19,419 - app.algorithms.monthly_scheduling.scheduling_optimizer - INFO - ✅ 在机台 B1 分配 136 箱 (17.00小时)
2025-09-21 00:40:19,419 - app.algorithms.monthly_scheduling.scheduling_optimizer - INFO - ✅ 在机台 B2 分配 136 箱 (17.00小时)
2025-09-21 00:40:19,420 - app.algorithms.monthly_scheduling.scheduling_optimizer - INFO - ✅ 在机台 B3 分配 136 箱 (17.00小时)
2025-09-21 00:40:19,420 - app.algorithms.monthly_scheduling.scheduling_optimizer - INFO - ✅ 在机台 B4 分配 136 箱 (17.00小时)
2025-09-21 00:40:19,420 - app.algorithms.monthly_scheduling.scheduling_optimizer - INFO - ✅ 在机台 B5 分配 132 箱 (16.50小时)
2025-09-21 00:40:19,420 - app.algorithms.monthly_scheduling.scheduling_optimizer - INFO - 产品 利群（西湖恋） 需要 212.50小时，启用拆分调度
2025-09-21 00:40:19,420 - app.algorithms.monthly_scheduling.scheduling_optimizer - INFO - 开始大批量产品拆分调度: 利群（西湖恋）, 目标 1700 箱
2025-09-21 00:40:19,420 - app.algorithms.monthly_scheduling.scheduling_optimizer - INFO - ✅ 在机台 A1 分配 136 箱 (17.00小时)
2025-09-21 00:40:19,420 - app.algorithms.monthly_scheduling.scheduling_optimizer - INFO - ✅ 在机台 A2 分配 136 箱 (17.00小时)
2025-09-21 00:40:19,420 - app.algorithms.monthly_scheduling.scheduling_optimizer - INFO - ✅ 在机台 A3 分配 136 箱 (17.00小时)
2025-09-21 00:40:19,421 - app.algorithms.monthly_scheduling.scheduling_optimizer - INFO - ✅ 在机台 A4 分配 136 箱 (17.00小时)
2025-09-21 00:40:19,421 - app.algorithms.monthly_scheduling.scheduling_optimizer - INFO - ✅ 在机台 A5 分配 136 箱 (17.00小时)
2025-09-21 00:40:19,421 - app.algorithms.monthly_scheduling.scheduling_optimizer - INFO - ✅ 在机台 A6 分配 136 箱 (17.00小时)
2025-09-21 00:40:19,421 - app.algorithms.monthly_scheduling.scheduling_optimizer - INFO - ✅ 在机台 A7 分配 136 箱 (17.00小时)
2025-09-21 00:40:19,421 - app.algorithms.monthly_scheduling.scheduling_optimizer - INFO - ✅ 在机台 A8 分配 136 箱 (17.00小时)
2025-09-21 00:40:19,421 - app.algorithms.monthly_scheduling.scheduling_optimizer - INFO - ✅ 在机台 A9 分配 136 箱 (17.00小时)
2025-09-21 00:40:19,421 - app.algorithms.monthly_scheduling.scheduling_optimizer - INFO - ✅ 在机台 B1 分配 136 箱 (17.00小时)
2025-09-21 00:40:19,421 - app.algorithms.monthly_scheduling.scheduling_optimizer - INFO - ✅ 在机台 B2 分配 136 箱 (17.00小时)
2025-09-21 00:40:19,422 - app.algorithms.monthly_scheduling.scheduling_optimizer - INFO - ✅ 在机台 B3 分配 136 箱 (17.00小时)
2025-09-21 00:40:19,422 - app.algorithms.monthly_scheduling.scheduling_optimizer - INFO - ✅ 在机台 B4 分配 68 箱 (8.50小时)
2025-09-21 00:40:19,422 - app.algorithms.monthly_scheduling.scheduling_optimizer - INFO - 产品 利群（江南韵） 需要 187.50小时，启用拆分调度
2025-09-21 00:40:19,422 - app.algorithms.monthly_scheduling.scheduling_optimizer - INFO - 开始大批量产品拆分调度: 利群（江南韵）, 目标 1500 箱
2025-09-21 00:40:19,422 - app.algorithms.monthly_scheduling.scheduling_optimizer - INFO - ✅ 在机台 A1 分配 136 箱 (17.00小时)
2025-09-21 00:40:19,422 - app.algorithms.monthly_scheduling.scheduling_optimizer - INFO - ✅ 在机台 A2 分配 136 箱 (17.00小时)
2025-09-21 00:40:19,423 - app.algorithms.monthly_scheduling.scheduling_optimizer - INFO - ✅ 在机台 A3 分配 136 箱 (17.00小时)
2025-09-21 00:40:19,423 - app.algorithms.monthly_scheduling.scheduling_optimizer - INFO - ✅ 在机台 A4 分配 136 箱 (17.00小时)
2025-09-21 00:40:19,423 - app.algorithms.monthly_scheduling.scheduling_optimizer - INFO - ✅ 在机台 A5 分配 136 箱 (17.00小时)
2025-09-21 00:40:19,423 - app.algorithms.monthly_scheduling.scheduling_optimizer - INFO - ✅ 在机台 A6 分配 136 箱 (17.00小时)
2025-09-21 00:40:19,423 - app.algorithms.monthly_scheduling.scheduling_optimizer - INFO - ✅ 在机台 A7 分配 136 箱 (17.00小时)
2025-09-21 00:40:19,423 - app.algorithms.monthly_scheduling.scheduling_optimizer - INFO - ✅ 在机台 A8 分配 136 箱 (17.00小时)
2025-09-21 00:40:19,423 - app.algorithms.monthly_scheduling.scheduling_optimizer - INFO - ✅ 在机台 A9 分配 136 箱 (17.00小时)
2025-09-21 00:40:19,423 - app.algorithms.monthly_scheduling.scheduling_optimizer - INFO - ✅ 在机台 B1 分配 136 箱 (17.00小时)
2025-09-21 00:40:19,424 - app.algorithms.monthly_scheduling.scheduling_optimizer - INFO - ✅ 在机台 B2 分配 136 箱 (17.00小时)
2025-09-21 00:40:19,424 - app.algorithms.monthly_scheduling.scheduling_optimizer - INFO - ✅ 在机台 B3 分配 4 箱 (0.50小时)
2025-09-21 00:40:19,424 - app.algorithms.monthly_scheduling.scheduling_optimizer - INFO - 产品 利群（阳光橙中支） 需要 150.00小时，启用拆分调度
2025-09-21 00:40:19,424 - app.algorithms.monthly_scheduling.scheduling_optimizer - INFO - 开始大批量产品拆分调度: 利群（阳光橙中支）, 目标 1200 箱
2025-09-21 00:40:19,424 - app.algorithms.monthly_scheduling.scheduling_optimizer - INFO - ✅ 在机台 A1 分配 136 箱 (17.00小时)
2025-09-21 00:40:19,424 - app.algorithms.monthly_scheduling.scheduling_optimizer - INFO - ✅ 在机台 A2 分配 136 箱 (17.00小时)
2025-09-21 00:40:19,424 - app.algorithms.monthly_scheduling.scheduling_optimizer - INFO - ✅ 在机台 A3 分配 136 箱 (17.00小时)
2025-09-21 00:40:19,424 - app.algorithms.monthly_scheduling.scheduling_optimizer - INFO - ✅ 在机台 A4 分配 136 箱 (17.00小时)
2025-09-21 00:40:19,425 - app.algorithms.monthly_scheduling.scheduling_optimizer - INFO - ✅ 在机台 A5 分配 136 箱 (17.00小时)
2025-09-21 00:40:19,426 - app.algorithms.monthly_scheduling.scheduling_optimizer - INFO - ✅ 在机台 A6 分配 136 箱 (17.00小时)
2025-09-21 00:40:19,426 - app.algorithms.monthly_scheduling.scheduling_optimizer - INFO - ✅ 在机台 A7 分配 136 箱 (17.00小时)
2025-09-21 00:40:19,427 - app.algorithms.monthly_scheduling.scheduling_optimizer - INFO - ✅ 在机台 A8 分配 136 箱 (17.00小时)
2025-09-21 00:40:19,427 - app.algorithms.monthly_scheduling.scheduling_optimizer - INFO - ✅ 在机台 A9 分配 112 箱 (14.00小时)
2025-09-21 00:40:19,427 - app.algorithms.monthly_scheduling.scheduling_optimizer - INFO - 产品 雄狮(红) 需要 150.00小时，启用拆分调度
2025-09-21 00:40:19,427 - app.algorithms.monthly_scheduling.scheduling_optimizer - INFO - 开始大批量产品拆分调度: 雄狮(红), 目标 1200 箱
2025-09-21 00:40:19,427 - app.algorithms.monthly_scheduling.scheduling_optimizer - INFO - ✅ 在机台 A1 分配 136 箱 (17.00小时)
2025-09-21 00:40:19,427 - app.algorithms.monthly_scheduling.scheduling_optimizer - INFO - ✅ 在机台 A2 分配 136 箱 (17.00小时)
2025-09-21 00:40:19,427 - app.algorithms.monthly_scheduling.scheduling_optimizer - INFO - ✅ 在机台 A3 分配 136 箱 (17.00小时)
2025-09-21 00:40:19,428 - app.algorithms.monthly_scheduling.scheduling_optimizer - INFO - ✅ 在机台 A4 分配 136 箱 (17.00小时)
2025-09-21 00:40:19,428 - app.algorithms.monthly_scheduling.scheduling_optimizer - INFO - ✅ 在机台 A5 分配 136 箱 (17.00小时)
2025-09-21 00:40:19,428 - app.algorithms.monthly_scheduling.scheduling_optimizer - INFO - ✅ 在机台 A6 分配 136 箱 (17.00小时)
2025-09-21 00:40:19,428 - app.algorithms.monthly_scheduling.scheduling_optimizer - INFO - ✅ 在机台 A7 分配 136 箱 (17.00小时)
2025-09-21 00:40:19,428 - app.algorithms.monthly_scheduling.scheduling_optimizer - INFO - ✅ 在机台 A8 分配 136 箱 (17.00小时)
2025-09-21 00:40:19,428 - app.algorithms.monthly_scheduling.scheduling_optimizer - INFO - ✅ 在机台 A9 分配 112 箱 (14.00小时)
2025-09-21 00:40:19,428 - app.algorithms.monthly_scheduling.scheduling_optimizer - INFO - 产品 利群(新二代) 需要 122.50小时，启用拆分调度
2025-09-21 00:40:19,428 - app.algorithms.monthly_scheduling.scheduling_optimizer - INFO - 开始大批量产品拆分调度: 利群(新二代), 目标 980 箱
2025-09-21 00:40:19,429 - app.algorithms.monthly_scheduling.scheduling_optimizer - INFO - ✅ 在机台 A1 分配 136 箱 (17.00小时)
2025-09-21 00:40:19,429 - app.algorithms.monthly_scheduling.scheduling_optimizer - INFO - ✅ 在机台 A2 分配 136 箱 (17.00小时)
2025-09-21 00:40:19,429 - app.algorithms.monthly_scheduling.scheduling_optimizer - INFO - ✅ 在机台 A3 分配 136 箱 (17.00小时)
2025-09-21 00:40:19,429 - app.algorithms.monthly_scheduling.scheduling_optimizer - INFO - ✅ 在机台 A4 分配 136 箱 (17.00小时)
2025-09-21 00:40:19,429 - app.algorithms.monthly_scheduling.scheduling_optimizer - INFO - ✅ 在机台 A5 分配 136 箱 (17.00小时)
2025-09-21 00:40:19,429 - app.algorithms.monthly_scheduling.scheduling_optimizer - INFO - ✅ 在机台 A6 分配 136 箱 (17.00小时)
2025-09-21 00:40:19,429 - app.algorithms.monthly_scheduling.scheduling_optimizer - INFO - ✅ 在机台 A7 分配 136 箱 (17.00小时)
2025-09-21 00:40:19,430 - app.algorithms.monthly_scheduling.scheduling_optimizer - INFO - ✅ 在机台 A8 分配 28 箱 (3.50小时)
2025-09-21 00:40:19,430 - app.algorithms.monthly_scheduling.scheduling_optimizer - INFO - 产品 利群(软红长嘴硬化) 需要 62.50小时，启用拆分调度
2025-09-21 00:40:19,430 - app.algorithms.monthly_scheduling.scheduling_optimizer - INFO - 开始大批量产品拆分调度: 利群(软红长嘴硬化), 目标 500 箱
2025-09-21 00:40:19,430 - app.algorithms.monthly_scheduling.scheduling_optimizer - INFO - ✅ 在机台 A1 分配 136 箱 (17.00小时)
2025-09-21 00:40:19,430 - app.algorithms.monthly_scheduling.scheduling_optimizer - INFO - ✅ 在机台 A2 分配 136 箱 (17.00小时)
2025-09-21 00:40:19,430 - app.algorithms.monthly_scheduling.scheduling_optimizer - INFO - ✅ 在机台 A3 分配 136 箱 (17.00小时)
2025-09-21 00:40:19,430 - app.algorithms.monthly_scheduling.scheduling_optimizer - INFO - ✅ 在机台 A4 分配 92 箱 (11.50小时)
2025-09-21 00:40:19,430 - app.algorithms.monthly_scheduling.scheduling_optimizer - INFO - 产品 利群(软金色阳光) 需要 52.50小时，启用拆分调度
2025-09-21 00:40:19,431 - app.algorithms.monthly_scheduling.scheduling_optimizer - INFO - 开始大批量产品拆分调度: 利群(软金色阳光), 目标 420 箱
2025-09-21 00:40:19,431 - app.algorithms.monthly_scheduling.scheduling_optimizer - INFO - ✅ 在机台 A1 分配 136 箱 (17.00小时)
2025-09-21 00:40:19,431 - app.algorithms.monthly_scheduling.scheduling_optimizer - INFO - ✅ 在机台 A2 分配 136 箱 (17.00小时)
2025-09-21 00:40:19,431 - app.algorithms.monthly_scheduling.scheduling_optimizer - INFO - ✅ 在机台 A3 分配 136 箱 (17.00小时)
2025-09-21 00:40:19,431 - app.algorithms.monthly_scheduling.scheduling_optimizer - INFO - ✅ 在机台 A4 分配 12 箱 (1.50小时)
2025-09-21 00:40:19,431 - app.algorithms.monthly_scheduling.scheduling_optimizer - INFO - 产品 利群（红利) 需要 43.75小时，启用拆分调度
2025-09-21 00:40:19,431 - app.algorithms.monthly_scheduling.scheduling_optimizer - INFO - 开始大批量产品拆分调度: 利群（红利), 目标 350 箱
2025-09-21 00:40:19,432 - app.algorithms.monthly_scheduling.scheduling_optimizer - INFO - ✅ 在机台 A1 分配 136 箱 (17.00小时)
2025-09-21 00:40:19,432 - app.algorithms.monthly_scheduling.scheduling_optimizer - INFO - ✅ 在机台 A2 分配 136 箱 (17.00小时)
2025-09-21 00:40:19,432 - app.algorithms.monthly_scheduling.scheduling_optimizer - INFO - ✅ 在机台 A3 分配 78 箱 (9.75小时)
2025-09-21 00:40:19,432 - app.algorithms.monthly_scheduling.scheduling_optimizer - INFO - 产品 利群(休闲云端） 需要 36.25小时，启用拆分调度
2025-09-21 00:40:19,432 - app.algorithms.monthly_scheduling.scheduling_optimizer - INFO - 开始大批量产品拆分调度: 利群(休闲云端）, 目标 290 箱
2025-09-21 00:40:19,432 - app.algorithms.monthly_scheduling.scheduling_optimizer - INFO - ✅ 在机台 A1 分配 136 箱 (17.00小时)
2025-09-21 00:40:19,433 - app.algorithms.monthly_scheduling.scheduling_optimizer - INFO - ✅ 在机台 A2 分配 136 箱 (17.00小时)
2025-09-21 00:40:19,433 - app.algorithms.monthly_scheduling.scheduling_optimizer - INFO - ✅ 在机台 A3 分配 18 箱 (2.25小时)
2025-09-21 00:40:19,433 - app.algorithms.monthly_scheduling.scheduling_optimizer - INFO - ✅ 成功调度产品 利群(软长嘴国际版) 到机台 A1
2025-09-21 00:40:19,433 - app.algorithms.monthly_scheduling.scheduling_optimizer - INFO - ✅ 成功调度产品 利群（阳光国际版） 到机台 A2
2025-09-21 00:40:19,434 - app.algorithms.monthly_scheduling.scheduling_optimizer - INFO - ✅ 成功调度产品 利群（阳光菲律宾） 到机台 A3
2025-09-21 00:40:19,434 - app.algorithms.monthly_scheduling.scheduling_optimizer - INFO - ✅ 成功调度产品 利群（阳光HK） 到机台 A4
2025-09-21 00:40:19,434 - app.algorithms.monthly_scheduling.scheduling_optimizer - INFO - ✅ 成功调度产品 利群（阳光台湾） 到机台 A5
2025-09-21 00:40:19,435 - app.algorithms.monthly_scheduling.scheduling_optimizer - INFO - ✅ 成功调度产品 利群（阳光澳门免税） 到机台 A6
2025-09-21 00:40:19,435 - app.algorithms.monthly_scheduling.scheduling_optimizer - INFO - ✅ 成功调度产品 利群（阳光马来西亚） 到机台 A7
2025-09-21 00:40:19,435 - app.algorithms.monthly_scheduling.scheduling_optimizer - INFO - ✅ 成功调度产品 利群(软长嘴英文) 到机台 A8
2025-09-21 00:40:19,435 - app.algorithms.monthly_scheduling.scheduling_optimizer - INFO - 开始重试调度: 8 个产品
2025-09-21 00:40:19,435 - app.algorithms.monthly_scheduling.scheduling_optimizer - INFO - 时间窗口合并完成: 20 -> 20 个窗口
2025-09-21 00:40:19,436 - app.algorithms.monthly_scheduling.scheduling_optimizer - INFO - 时间窗口合并完成: 20 -> 20 个窗口
2025-09-21 00:40:19,436 - app.algorithms.monthly_scheduling.scheduling_optimizer - INFO - 时间窗口合并完成: 20 -> 20 个窗口
2025-09-21 00:40:19,436 - app.algorithms.monthly_scheduling.scheduling_optimizer - INFO - 时间窗口合并完成: 20 -> 20 个窗口
2025-09-21 00:40:19,436 - app.algorithms.monthly_scheduling.scheduling_optimizer - INFO - 时间窗口合并完成: 20 -> 20 个窗口
2025-09-21 00:40:19,436 - app.algorithms.monthly_scheduling.scheduling_optimizer - INFO - 时间窗口合并完成: 20 -> 20 个窗口
2025-09-21 00:40:19,436 - app.algorithms.monthly_scheduling.scheduling_optimizer - INFO - 时间窗口合并完成: 20 -> 20 个窗口
2025-09-21 00:40:19,436 - app.algorithms.monthly_scheduling.scheduling_optimizer - INFO - 时间窗口合并完成: 20 -> 20 个窗口
2025-09-21 00:40:19,437 - app.algorithms.monthly_scheduling.scheduling_optimizer - INFO - 时间窗口合并完成: 20 -> 20 个窗口
2025-09-21 00:40:19,437 - app.algorithms.monthly_scheduling.scheduling_optimizer - INFO - 时间窗口合并完成: 20 -> 20 个窗口
2025-09-21 00:40:19,437 - app.algorithms.monthly_scheduling.scheduling_optimizer - INFO - 时间窗口合并完成: 20 -> 20 个窗口
2025-09-21 00:40:19,437 - app.algorithms.monthly_scheduling.scheduling_optimizer - INFO - 时间窗口合并完成: 20 -> 20 个窗口
2025-09-21 00:40:19,437 - app.algorithms.monthly_scheduling.scheduling_optimizer - INFO - 时间窗口合并完成: 20 -> 20 个窗口
2025-09-21 00:40:19,437 - app.algorithms.monthly_scheduling.scheduling_optimizer - INFO - 时间窗口合并完成: 20 -> 20 个窗口
2025-09-21 00:40:19,437 - app.algorithms.monthly_scheduling.scheduling_optimizer - INFO - 时间窗口合并完成: 20 -> 20 个窗口
2025-09-21 00:40:19,438 - app.algorithms.monthly_scheduling.scheduling_optimizer - INFO - 时间窗口合并完成: 20 -> 20 个窗口
2025-09-21 00:40:19,438 - app.algorithms.monthly_scheduling.scheduling_optimizer - INFO - 时间窗口合并完成: 20 -> 20 个窗口
2025-09-21 00:40:19,438 - app.algorithms.monthly_scheduling.scheduling_optimizer - INFO - 时间窗口合并完成: 20 -> 20 个窗口
2025-09-21 00:40:19,438 - app.algorithms.monthly_scheduling.scheduling_optimizer - INFO - 时间窗口合并完成: 20 -> 20 个窗口
2025-09-21 00:40:19,438 - app.algorithms.monthly_scheduling.scheduling_optimizer - INFO - 时间窗口合并完成: 20 -> 20 个窗口
2025-09-21 00:40:19,438 - app.algorithms.monthly_scheduling.scheduling_optimizer - INFO - 时间窗口合并完成: 20 -> 20 个窗口
2025-09-21 00:40:19,438 - app.algorithms.monthly_scheduling.scheduling_optimizer - INFO - 时间窗口合并完成: 20 -> 20 个窗口
2025-09-21 00:40:19,438 - app.algorithms.monthly_scheduling.scheduling_optimizer - INFO - 时间窗口合并完成: 20 -> 20 个窗口
2025-09-21 00:40:19,439 - app.algorithms.monthly_scheduling.scheduling_optimizer - INFO - 时间窗口合并完成: 20 -> 20 个窗口
2025-09-21 00:40:19,439 - app.algorithms.monthly_scheduling.scheduling_optimizer - INFO - 时间窗口合并完成: 20 -> 20 个窗口
2025-09-21 00:40:19,439 - app.algorithms.monthly_scheduling.scheduling_optimizer - INFO - 时间窗口合并完成: 20 -> 20 个窗口
2025-09-21 00:40:19,439 - app.algorithms.monthly_scheduling.scheduling_optimizer - INFO - 时间窗口合并完成: 20 -> 20 个窗口
2025-09-21 00:40:19,439 - app.algorithms.monthly_scheduling.scheduling_optimizer - INFO - 时间窗口合并完成: 20 -> 20 个窗口
2025-09-21 00:40:19,439 - app.algorithms.monthly_scheduling.scheduling_optimizer - INFO - 时间窗口合并完成: 20 -> 20 个窗口
2025-09-21 00:40:19,439 - app.algorithms.monthly_scheduling.scheduling_optimizer - INFO - 时间窗口合并完成: 20 -> 20 个窗口
2025-09-21 00:40:19,440 - app.algorithms.monthly_scheduling.scheduling_optimizer - INFO - 时间窗口合并完成: 20 -> 20 个窗口
2025-09-21 00:40:19,440 - app.algorithms.monthly_scheduling.scheduling_optimizer - INFO - 时间窗口合并完成: 20 -> 20 个窗口
2025-09-21 00:40:19,440 - app.algorithms.monthly_scheduling.scheduling_optimizer - INFO - 时间窗口合并完成: 20 -> 20 个窗口
2025-09-21 00:40:19,440 - app.algorithms.monthly_scheduling.scheduling_optimizer - INFO - 时间窗口合并完成: 20 -> 20 个窗口
2025-09-21 00:40:19,440 - app.algorithms.monthly_scheduling.scheduling_optimizer - INFO - 时间窗口合并完成: 20 -> 20 个窗口
2025-09-21 00:40:19,440 - app.algorithms.monthly_scheduling.scheduling_optimizer - WARNING - 产品 利群(软长嘴) 拆分后仍有 22700 箱未分配
2025-09-21 00:40:19,440 - app.algorithms.monthly_scheduling.scheduling_optimizer - ERROR - 产品 利群(软长嘴) 最终调度失败
2025-09-21 00:40:19,441 - app.algorithms.monthly_scheduling.scheduling_optimizer - INFO - 时间窗口合并完成: 20 -> 20 个窗口
2025-09-21 00:40:19,441 - app.algorithms.monthly_scheduling.scheduling_optimizer - INFO - 时间窗口合并完成: 20 -> 20 个窗口
2025-09-21 00:40:19,441 - app.algorithms.monthly_scheduling.scheduling_optimizer - INFO - 时间窗口合并完成: 20 -> 20 个窗口
2025-09-21 00:40:19,441 - app.algorithms.monthly_scheduling.scheduling_optimizer - INFO - 时间窗口合并完成: 20 -> 20 个窗口
2025-09-21 00:40:19,441 - app.algorithms.monthly_scheduling.scheduling_optimizer - INFO - 时间窗口合并完成: 20 -> 20 个窗口
2025-09-21 00:40:19,441 - app.algorithms.monthly_scheduling.scheduling_optimizer - INFO - 时间窗口合并完成: 20 -> 20 个窗口
2025-09-21 00:40:19,441 - app.algorithms.monthly_scheduling.scheduling_optimizer - INFO - 时间窗口合并完成: 20 -> 20 个窗口
2025-09-21 00:40:19,442 - app.algorithms.monthly_scheduling.scheduling_optimizer - INFO - 时间窗口合并完成: 20 -> 20 个窗口
2025-09-21 00:40:19,442 - app.algorithms.monthly_scheduling.scheduling_optimizer - INFO - 时间窗口合并完成: 20 -> 20 个窗口
2025-09-21 00:40:19,442 - app.algorithms.monthly_scheduling.scheduling_optimizer - INFO - 时间窗口合并完成: 20 -> 20 个窗口
2025-09-21 00:40:19,442 - app.algorithms.monthly_scheduling.scheduling_optimizer - INFO - 时间窗口合并完成: 20 -> 20 个窗口
2025-09-21 00:40:19,442 - app.algorithms.monthly_scheduling.scheduling_optimizer - INFO - 时间窗口合并完成: 20 -> 20 个窗口
2025-09-21 00:40:19,442 - app.algorithms.monthly_scheduling.scheduling_optimizer - INFO - 时间窗口合并完成: 20 -> 20 个窗口
2025-09-21 00:40:19,443 - app.algorithms.monthly_scheduling.scheduling_optimizer - INFO - 时间窗口合并完成: 20 -> 20 个窗口
2025-09-21 00:40:19,443 - app.algorithms.monthly_scheduling.scheduling_optimizer - INFO - 时间窗口合并完成: 20 -> 20 个窗口
2025-09-21 00:40:19,443 - app.algorithms.monthly_scheduling.scheduling_optimizer - INFO - 时间窗口合并完成: 20 -> 20 个窗口
2025-09-21 00:40:19,443 - app.algorithms.monthly_scheduling.scheduling_optimizer - INFO - 时间窗口合并完成: 20 -> 20 个窗口
2025-09-21 00:40:19,443 - app.algorithms.monthly_scheduling.scheduling_optimizer - INFO - 时间窗口合并完成: 20 -> 20 个窗口
2025-09-21 00:40:19,443 - app.algorithms.monthly_scheduling.scheduling_optimizer - INFO - 时间窗口合并完成: 20 -> 20 个窗口
2025-09-21 00:40:19,443 - app.algorithms.monthly_scheduling.scheduling_optimizer - INFO - 时间窗口合并完成: 20 -> 20 个窗口
2025-09-21 00:40:19,444 - app.algorithms.monthly_scheduling.scheduling_optimizer - INFO - 时间窗口合并完成: 20 -> 20 个窗口
2025-09-21 00:40:19,444 - app.algorithms.monthly_scheduling.scheduling_optimizer - INFO - 时间窗口合并完成: 20 -> 20 个窗口
2025-09-21 00:40:19,444 - app.algorithms.monthly_scheduling.scheduling_optimizer - INFO - 时间窗口合并完成: 20 -> 20 个窗口
2025-09-21 00:40:19,444 - app.algorithms.monthly_scheduling.scheduling_optimizer - INFO - 时间窗口合并完成: 20 -> 20 个窗口
2025-09-21 00:40:19,444 - app.algorithms.monthly_scheduling.scheduling_optimizer - INFO - 时间窗口合并完成: 20 -> 20 个窗口
2025-09-21 00:40:19,444 - app.algorithms.monthly_scheduling.scheduling_optimizer - INFO - 时间窗口合并完成: 20 -> 20 个窗口
2025-09-21 00:40:19,445 - app.algorithms.monthly_scheduling.scheduling_optimizer - INFO - 时间窗口合并完成: 20 -> 20 个窗口
2025-09-21 00:40:19,445 - app.algorithms.monthly_scheduling.scheduling_optimizer - INFO - 时间窗口合并完成: 20 -> 20 个窗口
2025-09-21 00:40:19,445 - app.algorithms.monthly_scheduling.scheduling_optimizer - INFO - 时间窗口合并完成: 20 -> 20 个窗口
2025-09-21 00:40:19,445 - app.algorithms.monthly_scheduling.scheduling_optimizer - INFO - 时间窗口合并完成: 20 -> 20 个窗口
2025-09-21 00:40:19,445 - app.algorithms.monthly_scheduling.scheduling_optimizer - INFO - 时间窗口合并完成: 20 -> 20 个窗口
2025-09-21 00:40:19,445 - app.algorithms.monthly_scheduling.scheduling_optimizer - INFO - 时间窗口合并完成: 20 -> 20 个窗口
2025-09-21 00:40:19,446 - app.algorithms.monthly_scheduling.scheduling_optimizer - INFO - 时间窗口合并完成: 20 -> 20 个窗口
2025-09-21 00:40:19,446 - app.algorithms.monthly_scheduling.scheduling_optimizer - INFO - 时间窗口合并完成: 20 -> 20 个窗口
2025-09-21 00:40:19,446 - app.algorithms.monthly_scheduling.scheduling_optimizer - INFO - 时间窗口合并完成: 20 -> 20 个窗口
2025-09-21 00:40:19,446 - app.algorithms.monthly_scheduling.scheduling_optimizer - WARNING - 产品 利群（蓝天） 拆分后仍有 13500 箱未分配
2025-09-21 00:40:19,446 - app.algorithms.monthly_scheduling.scheduling_optimizer - ERROR - 产品 利群（蓝天） 最终调度失败
2025-09-21 00:40:19,446 - app.algorithms.monthly_scheduling.scheduling_optimizer - INFO - 时间窗口合并完成: 20 -> 20 个窗口
2025-09-21 00:40:19,446 - app.algorithms.monthly_scheduling.scheduling_optimizer - INFO - 时间窗口合并完成: 20 -> 20 个窗口
2025-09-21 00:40:19,447 - app.algorithms.monthly_scheduling.scheduling_optimizer - INFO - 时间窗口合并完成: 20 -> 20 个窗口
2025-09-21 00:40:19,447 - app.algorithms.monthly_scheduling.scheduling_optimizer - INFO - 时间窗口合并完成: 20 -> 20 个窗口
2025-09-21 00:40:19,447 - app.algorithms.monthly_scheduling.scheduling_optimizer - INFO - 时间窗口合并完成: 20 -> 20 个窗口
2025-09-21 00:40:19,447 - app.algorithms.monthly_scheduling.scheduling_optimizer - INFO - 时间窗口合并完成: 20 -> 20 个窗口
2025-09-21 00:40:19,447 - app.algorithms.monthly_scheduling.scheduling_optimizer - INFO - 时间窗口合并完成: 20 -> 20 个窗口
2025-09-21 00:40:19,447 - app.algorithms.monthly_scheduling.scheduling_optimizer - INFO - 时间窗口合并完成: 20 -> 20 个窗口
2025-09-21 00:40:19,448 - app.algorithms.monthly_scheduling.scheduling_optimizer - INFO - 时间窗口合并完成: 20 -> 20 个窗口
2025-09-21 00:40:19,448 - app.algorithms.monthly_scheduling.scheduling_optimizer - INFO - 时间窗口合并完成: 20 -> 20 个窗口
2025-09-21 00:40:19,448 - app.algorithms.monthly_scheduling.scheduling_optimizer - INFO - 时间窗口合并完成: 20 -> 20 个窗口
2025-09-21 00:40:19,448 - app.algorithms.monthly_scheduling.scheduling_optimizer - INFO - 时间窗口合并完成: 20 -> 20 个窗口
2025-09-21 00:40:19,448 - app.algorithms.monthly_scheduling.scheduling_optimizer - INFO - 时间窗口合并完成: 20 -> 20 个窗口
2025-09-21 00:40:19,448 - app.algorithms.monthly_scheduling.scheduling_optimizer - INFO - 时间窗口合并完成: 20 -> 20 个窗口
2025-09-21 00:40:19,449 - app.algorithms.monthly_scheduling.scheduling_optimizer - INFO - 时间窗口合并完成: 20 -> 20 个窗口
2025-09-21 00:40:19,449 - app.algorithms.monthly_scheduling.scheduling_optimizer - INFO - 时间窗口合并完成: 20 -> 20 个窗口
2025-09-21 00:40:19,449 - app.algorithms.monthly_scheduling.scheduling_optimizer - INFO - 时间窗口合并完成: 20 -> 20 个窗口
2025-09-21 00:40:19,449 - app.algorithms.monthly_scheduling.scheduling_optimizer - INFO - 时间窗口合并完成: 20 -> 20 个窗口
2025-09-21 00:40:19,449 - app.algorithms.monthly_scheduling.scheduling_optimizer - INFO - 时间窗口合并完成: 20 -> 20 个窗口
2025-09-21 00:40:19,450 - app.algorithms.monthly_scheduling.scheduling_optimizer - INFO - 时间窗口合并完成: 20 -> 20 个窗口
2025-09-21 00:40:19,450 - app.algorithms.monthly_scheduling.scheduling_optimizer - INFO - 时间窗口合并完成: 20 -> 20 个窗口
2025-09-21 00:40:19,450 - app.algorithms.monthly_scheduling.scheduling_optimizer - INFO - 时间窗口合并完成: 20 -> 20 个窗口
2025-09-21 00:40:19,450 - app.algorithms.monthly_scheduling.scheduling_optimizer - INFO - 时间窗口合并完成: 20 -> 20 个窗口
2025-09-21 00:40:19,450 - app.algorithms.monthly_scheduling.scheduling_optimizer - INFO - 时间窗口合并完成: 20 -> 20 个窗口
2025-09-21 00:40:19,450 - app.algorithms.monthly_scheduling.scheduling_optimizer - INFO - 时间窗口合并完成: 20 -> 20 个窗口
2025-09-21 00:40:19,451 - app.algorithms.monthly_scheduling.scheduling_optimizer - INFO - 时间窗口合并完成: 20 -> 20 个窗口
2025-09-21 00:40:19,451 - app.algorithms.monthly_scheduling.scheduling_optimizer - INFO - 时间窗口合并完成: 20 -> 20 个窗口
2025-09-21 00:40:19,451 - app.algorithms.monthly_scheduling.scheduling_optimizer - INFO - 时间窗口合并完成: 20 -> 20 个窗口
2025-09-21 00:40:19,451 - app.algorithms.monthly_scheduling.scheduling_optimizer - INFO - 时间窗口合并完成: 20 -> 20 个窗口
2025-09-21 00:40:19,451 - app.algorithms.monthly_scheduling.scheduling_optimizer - INFO - 时间窗口合并完成: 20 -> 20 个窗口
2025-09-21 00:40:19,451 - app.algorithms.monthly_scheduling.scheduling_optimizer - INFO - 时间窗口合并完成: 20 -> 20 个窗口
2025-09-21 00:40:19,451 - app.algorithms.monthly_scheduling.scheduling_optimizer - INFO - 时间窗口合并完成: 20 -> 20 个窗口
2025-09-21 00:40:19,452 - app.algorithms.monthly_scheduling.scheduling_optimizer - INFO - 时间窗口合并完成: 20 -> 20 个窗口
2025-09-21 00:40:19,452 - app.algorithms.monthly_scheduling.scheduling_optimizer - INFO - 时间窗口合并完成: 20 -> 20 个窗口
2025-09-21 00:40:19,452 - app.algorithms.monthly_scheduling.scheduling_optimizer - INFO - 时间窗口合并完成: 20 -> 20 个窗口
2025-09-21 00:40:19,452 - app.algorithms.monthly_scheduling.scheduling_optimizer - WARNING - 产品 利群（新版） 拆分后仍有 12200 箱未分配
2025-09-21 00:40:19,452 - app.algorithms.monthly_scheduling.scheduling_optimizer - ERROR - 产品 利群（新版） 最终调度失败
2025-09-21 00:40:19,453 - app.algorithms.monthly_scheduling.scheduling_optimizer - INFO - 时间窗口合并完成: 20 -> 20 个窗口
2025-09-21 00:40:19,453 - app.algorithms.monthly_scheduling.scheduling_optimizer - INFO - 时间窗口合并完成: 20 -> 20 个窗口
2025-09-21 00:40:19,453 - app.algorithms.monthly_scheduling.scheduling_optimizer - INFO - 时间窗口合并完成: 20 -> 20 个窗口
2025-09-21 00:40:19,453 - app.algorithms.monthly_scheduling.scheduling_optimizer - INFO - 时间窗口合并完成: 20 -> 20 个窗口
2025-09-21 00:40:19,453 - app.algorithms.monthly_scheduling.scheduling_optimizer - INFO - 时间窗口合并完成: 20 -> 20 个窗口
2025-09-21 00:40:19,454 - app.algorithms.monthly_scheduling.scheduling_optimizer - INFO - 时间窗口合并完成: 20 -> 20 个窗口
2025-09-21 00:40:19,454 - app.algorithms.monthly_scheduling.scheduling_optimizer - INFO - 时间窗口合并完成: 20 -> 20 个窗口
2025-09-21 00:40:19,454 - app.algorithms.monthly_scheduling.scheduling_optimizer - INFO - 时间窗口合并完成: 20 -> 20 个窗口
2025-09-21 00:40:19,454 - app.algorithms.monthly_scheduling.scheduling_optimizer - INFO - 时间窗口合并完成: 20 -> 20 个窗口
2025-09-21 00:40:19,454 - app.algorithms.monthly_scheduling.scheduling_optimizer - INFO - 时间窗口合并完成: 20 -> 20 个窗口
2025-09-21 00:40:19,454 - app.algorithms.monthly_scheduling.scheduling_optimizer - INFO - 时间窗口合并完成: 20 -> 20 个窗口
2025-09-21 00:40:19,454 - app.algorithms.monthly_scheduling.scheduling_optimizer - INFO - 时间窗口合并完成: 20 -> 20 个窗口
2025-09-21 00:40:19,455 - app.algorithms.monthly_scheduling.scheduling_optimizer - INFO - 时间窗口合并完成: 20 -> 20 个窗口
2025-09-21 00:40:19,455 - app.algorithms.monthly_scheduling.scheduling_optimizer - INFO - 时间窗口合并完成: 20 -> 20 个窗口
2025-09-21 00:40:19,455 - app.algorithms.monthly_scheduling.scheduling_optimizer - INFO - 时间窗口合并完成: 20 -> 20 个窗口
2025-09-21 00:40:19,455 - app.algorithms.monthly_scheduling.scheduling_optimizer - INFO - 时间窗口合并完成: 20 -> 20 个窗口
2025-09-21 00:40:19,455 - app.algorithms.monthly_scheduling.scheduling_optimizer - INFO - 时间窗口合并完成: 20 -> 20 个窗口
2025-09-21 00:40:19,455 - app.algorithms.monthly_scheduling.scheduling_optimizer - INFO - 时间窗口合并完成: 20 -> 20 个窗口
2025-09-21 00:40:19,455 - app.algorithms.monthly_scheduling.scheduling_optimizer - INFO - 时间窗口合并完成: 20 -> 20 个窗口
2025-09-21 00:40:19,456 - app.algorithms.monthly_scheduling.scheduling_optimizer - INFO - 时间窗口合并完成: 20 -> 20 个窗口
2025-09-21 00:40:19,456 - app.algorithms.monthly_scheduling.scheduling_optimizer - INFO - 时间窗口合并完成: 20 -> 20 个窗口
2025-09-21 00:40:19,456 - app.algorithms.monthly_scheduling.scheduling_optimizer - INFO - 时间窗口合并完成: 20 -> 20 个窗口
2025-09-21 00:40:19,456 - app.algorithms.monthly_scheduling.scheduling_optimizer - INFO - 时间窗口合并完成: 20 -> 20 个窗口
2025-09-21 00:40:19,456 - app.algorithms.monthly_scheduling.scheduling_optimizer - INFO - 时间窗口合并完成: 20 -> 20 个窗口
2025-09-21 00:40:19,456 - app.algorithms.monthly_scheduling.scheduling_optimizer - INFO - 时间窗口合并完成: 20 -> 20 个窗口
2025-09-21 00:40:19,456 - app.algorithms.monthly_scheduling.scheduling_optimizer - INFO - 时间窗口合并完成: 20 -> 20 个窗口
2025-09-21 00:40:19,456 - app.algorithms.monthly_scheduling.scheduling_optimizer - INFO - 时间窗口合并完成: 20 -> 20 个窗口
2025-09-21 00:40:19,457 - app.algorithms.monthly_scheduling.scheduling_optimizer - INFO - 时间窗口合并完成: 20 -> 20 个窗口
2025-09-21 00:40:19,457 - app.algorithms.monthly_scheduling.scheduling_optimizer - INFO - 时间窗口合并完成: 20 -> 20 个窗口
2025-09-21 00:40:19,457 - app.algorithms.monthly_scheduling.scheduling_optimizer - INFO - 时间窗口合并完成: 20 -> 20 个窗口
2025-09-21 00:40:19,457 - app.algorithms.monthly_scheduling.scheduling_optimizer - INFO - 时间窗口合并完成: 20 -> 20 个窗口
2025-09-21 00:40:19,457 - app.algorithms.monthly_scheduling.scheduling_optimizer - INFO - 时间窗口合并完成: 20 -> 20 个窗口
2025-09-21 00:40:19,457 - app.algorithms.monthly_scheduling.scheduling_optimizer - INFO - 时间窗口合并完成: 20 -> 20 个窗口
2025-09-21 00:40:19,458 - app.algorithms.monthly_scheduling.scheduling_optimizer - INFO - 时间窗口合并完成: 20 -> 20 个窗口
2025-09-21 00:40:19,458 - app.algorithms.monthly_scheduling.scheduling_optimizer - INFO - 时间窗口合并完成: 20 -> 20 个窗口
2025-09-21 00:40:19,458 - app.algorithms.monthly_scheduling.scheduling_optimizer - WARNING - 产品 利群(软红长嘴) 拆分后仍有 12000 箱未分配
2025-09-21 00:40:19,458 - app.algorithms.monthly_scheduling.scheduling_optimizer - ERROR - 产品 利群(软红长嘴) 最终调度失败
2025-09-21 00:40:19,458 - app.algorithms.monthly_scheduling.scheduling_optimizer - INFO - 时间窗口合并完成: 20 -> 20 个窗口
2025-09-21 00:40:19,458 - app.algorithms.monthly_scheduling.scheduling_optimizer - INFO - 时间窗口合并完成: 20 -> 20 个窗口
2025-09-21 00:40:19,458 - app.algorithms.monthly_scheduling.scheduling_optimizer - INFO - 时间窗口合并完成: 20 -> 20 个窗口
2025-09-21 00:40:19,459 - app.algorithms.monthly_scheduling.scheduling_optimizer - INFO - 时间窗口合并完成: 20 -> 20 个窗口
2025-09-21 00:40:19,459 - app.algorithms.monthly_scheduling.scheduling_optimizer - INFO - 时间窗口合并完成: 20 -> 20 个窗口
2025-09-21 00:40:19,459 - app.algorithms.monthly_scheduling.scheduling_optimizer - INFO - 时间窗口合并完成: 20 -> 20 个窗口
2025-09-21 00:40:19,459 - app.algorithms.monthly_scheduling.scheduling_optimizer - INFO - 时间窗口合并完成: 20 -> 20 个窗口
2025-09-21 00:40:19,459 - app.algorithms.monthly_scheduling.scheduling_optimizer - INFO - 时间窗口合并完成: 20 -> 20 个窗口
2025-09-21 00:40:19,459 - app.algorithms.monthly_scheduling.scheduling_optimizer - INFO - 时间窗口合并完成: 20 -> 20 个窗口
2025-09-21 00:40:19,459 - app.algorithms.monthly_scheduling.scheduling_optimizer - INFO - 时间窗口合并完成: 20 -> 20 个窗口
2025-09-21 00:40:19,459 - app.algorithms.monthly_scheduling.scheduling_optimizer - INFO - 时间窗口合并完成: 20 -> 20 个窗口
2025-09-21 00:40:19,460 - app.algorithms.monthly_scheduling.scheduling_optimizer - INFO - 时间窗口合并完成: 20 -> 20 个窗口
2025-09-21 00:40:19,460 - app.algorithms.monthly_scheduling.scheduling_optimizer - INFO - 时间窗口合并完成: 20 -> 20 个窗口
2025-09-21 00:40:19,460 - app.algorithms.monthly_scheduling.scheduling_optimizer - INFO - 时间窗口合并完成: 20 -> 20 个窗口
2025-09-21 00:40:19,460 - app.algorithms.monthly_scheduling.scheduling_optimizer - INFO - 时间窗口合并完成: 20 -> 20 个窗口
2025-09-21 00:40:19,460 - app.algorithms.monthly_scheduling.scheduling_optimizer - INFO - 时间窗口合并完成: 20 -> 20 个窗口
2025-09-21 00:40:19,460 - app.algorithms.monthly_scheduling.scheduling_optimizer - INFO - 时间窗口合并完成: 20 -> 20 个窗口
2025-09-21 00:40:19,460 - app.algorithms.monthly_scheduling.scheduling_optimizer - INFO - 时间窗口合并完成: 20 -> 20 个窗口
2025-09-21 00:40:19,461 - app.algorithms.monthly_scheduling.scheduling_optimizer - INFO - 时间窗口合并完成: 20 -> 20 个窗口
2025-09-21 00:40:19,461 - app.algorithms.monthly_scheduling.scheduling_optimizer - INFO - 时间窗口合并完成: 20 -> 20 个窗口
2025-09-21 00:40:19,461 - app.algorithms.monthly_scheduling.scheduling_optimizer - INFO - 时间窗口合并完成: 20 -> 20 个窗口
2025-09-21 00:40:19,461 - app.algorithms.monthly_scheduling.scheduling_optimizer - INFO - 时间窗口合并完成: 20 -> 20 个窗口
2025-09-21 00:40:19,461 - app.algorithms.monthly_scheduling.scheduling_optimizer - INFO - 时间窗口合并完成: 20 -> 20 个窗口
2025-09-21 00:40:19,461 - app.algorithms.monthly_scheduling.scheduling_optimizer - INFO - 时间窗口合并完成: 20 -> 20 个窗口
2025-09-21 00:40:19,461 - app.algorithms.monthly_scheduling.scheduling_optimizer - INFO - 时间窗口合并完成: 20 -> 20 个窗口
2025-09-21 00:40:19,462 - app.algorithms.monthly_scheduling.scheduling_optimizer - INFO - 时间窗口合并完成: 20 -> 20 个窗口
2025-09-21 00:40:19,462 - app.algorithms.monthly_scheduling.scheduling_optimizer - INFO - 时间窗口合并完成: 20 -> 20 个窗口
2025-09-21 00:40:19,462 - app.algorithms.monthly_scheduling.scheduling_optimizer - INFO - 时间窗口合并完成: 20 -> 20 个窗口
2025-09-21 00:40:19,462 - app.algorithms.monthly_scheduling.scheduling_optimizer - INFO - 时间窗口合并完成: 20 -> 20 个窗口
2025-09-21 00:40:19,462 - app.algorithms.monthly_scheduling.scheduling_optimizer - INFO - 时间窗口合并完成: 20 -> 20 个窗口
2025-09-21 00:40:19,463 - app.algorithms.monthly_scheduling.scheduling_optimizer - INFO - 时间窗口合并完成: 20 -> 20 个窗口
2025-09-21 00:40:19,463 - app.algorithms.monthly_scheduling.scheduling_optimizer - INFO - 时间窗口合并完成: 20 -> 20 个窗口
2025-09-21 00:40:19,463 - app.algorithms.monthly_scheduling.scheduling_optimizer - INFO - 时间窗口合并完成: 20 -> 20 个窗口
2025-09-21 00:40:19,463 - app.algorithms.monthly_scheduling.scheduling_optimizer - INFO - 时间窗口合并完成: 20 -> 20 个窗口
2025-09-21 00:40:19,463 - app.algorithms.monthly_scheduling.scheduling_optimizer - INFO - 时间窗口合并完成: 20 -> 20 个窗口
2025-09-21 00:40:19,464 - app.algorithms.monthly_scheduling.scheduling_optimizer - WARNING - 产品 利群(长嘴) 拆分后仍有 9750 箱未分配
2025-09-21 00:40:19,464 - app.algorithms.monthly_scheduling.scheduling_optimizer - ERROR - 产品 利群(长嘴) 最终调度失败
2025-09-21 00:40:19,464 - app.algorithms.monthly_scheduling.scheduling_optimizer - INFO - 时间窗口合并完成: 20 -> 20 个窗口
2025-09-21 00:40:19,464 - app.algorithms.monthly_scheduling.scheduling_optimizer - INFO - 时间窗口合并完成: 20 -> 20 个窗口
2025-09-21 00:40:19,464 - app.algorithms.monthly_scheduling.scheduling_optimizer - INFO - 时间窗口合并完成: 20 -> 20 个窗口
2025-09-21 00:40:19,464 - app.algorithms.monthly_scheduling.scheduling_optimizer - INFO - 时间窗口合并完成: 20 -> 20 个窗口
2025-09-21 00:40:19,464 - app.algorithms.monthly_scheduling.scheduling_optimizer - INFO - 时间窗口合并完成: 20 -> 20 个窗口
2025-09-21 00:40:19,465 - app.algorithms.monthly_scheduling.scheduling_optimizer - INFO - 时间窗口合并完成: 20 -> 20 个窗口
2025-09-21 00:40:19,465 - app.algorithms.monthly_scheduling.scheduling_optimizer - INFO - 时间窗口合并完成: 20 -> 20 个窗口
2025-09-21 00:40:19,465 - app.algorithms.monthly_scheduling.scheduling_optimizer - INFO - 时间窗口合并完成: 20 -> 20 个窗口
2025-09-21 00:40:19,465 - app.algorithms.monthly_scheduling.scheduling_optimizer - INFO - 时间窗口合并完成: 20 -> 20 个窗口
2025-09-21 00:40:19,465 - app.algorithms.monthly_scheduling.scheduling_optimizer - INFO - 时间窗口合并完成: 20 -> 20 个窗口
2025-09-21 00:40:19,465 - app.algorithms.monthly_scheduling.scheduling_optimizer - INFO - 时间窗口合并完成: 20 -> 20 个窗口
2025-09-21 00:40:19,466 - app.algorithms.monthly_scheduling.scheduling_optimizer - INFO - 时间窗口合并完成: 20 -> 20 个窗口
2025-09-21 00:40:19,466 - app.algorithms.monthly_scheduling.scheduling_optimizer - INFO - 时间窗口合并完成: 20 -> 20 个窗口
2025-09-21 00:40:19,466 - app.algorithms.monthly_scheduling.scheduling_optimizer - INFO - 时间窗口合并完成: 20 -> 20 个窗口
2025-09-21 00:40:19,466 - app.algorithms.monthly_scheduling.scheduling_optimizer - INFO - 时间窗口合并完成: 20 -> 20 个窗口
2025-09-21 00:40:19,466 - app.algorithms.monthly_scheduling.scheduling_optimizer - INFO - 时间窗口合并完成: 20 -> 20 个窗口
2025-09-21 00:40:19,466 - app.algorithms.monthly_scheduling.scheduling_optimizer - INFO - 时间窗口合并完成: 20 -> 20 个窗口
2025-09-21 00:40:19,467 - app.algorithms.monthly_scheduling.scheduling_optimizer - INFO - 时间窗口合并完成: 20 -> 20 个窗口
2025-09-21 00:40:19,467 - app.algorithms.monthly_scheduling.scheduling_optimizer - INFO - 时间窗口合并完成: 20 -> 20 个窗口
2025-09-21 00:40:19,467 - app.algorithms.monthly_scheduling.scheduling_optimizer - INFO - 时间窗口合并完成: 20 -> 20 个窗口
2025-09-21 00:40:19,467 - app.algorithms.monthly_scheduling.scheduling_optimizer - INFO - 时间窗口合并完成: 20 -> 20 个窗口
2025-09-21 00:40:19,467 - app.algorithms.monthly_scheduling.scheduling_optimizer - INFO - 时间窗口合并完成: 20 -> 20 个窗口
2025-09-21 00:40:19,467 - app.algorithms.monthly_scheduling.scheduling_optimizer - INFO - 时间窗口合并完成: 20 -> 20 个窗口
2025-09-21 00:40:19,467 - app.algorithms.monthly_scheduling.scheduling_optimizer - INFO - 时间窗口合并完成: 20 -> 20 个窗口
2025-09-21 00:40:19,467 - app.algorithms.monthly_scheduling.scheduling_optimizer - INFO - 时间窗口合并完成: 20 -> 20 个窗口
2025-09-21 00:40:19,468 - app.algorithms.monthly_scheduling.scheduling_optimizer - INFO - 时间窗口合并完成: 20 -> 20 个窗口
2025-09-21 00:40:19,468 - app.algorithms.monthly_scheduling.scheduling_optimizer - INFO - 时间窗口合并完成: 20 -> 20 个窗口
2025-09-21 00:40:19,468 - app.algorithms.monthly_scheduling.scheduling_optimizer - INFO - 时间窗口合并完成: 20 -> 20 个窗口
2025-09-21 00:40:19,468 - app.algorithms.monthly_scheduling.scheduling_optimizer - INFO - 时间窗口合并完成: 20 -> 20 个窗口
2025-09-21 00:40:19,468 - app.algorithms.monthly_scheduling.scheduling_optimizer - INFO - 时间窗口合并完成: 20 -> 20 个窗口
2025-09-21 00:40:19,468 - app.algorithms.monthly_scheduling.scheduling_optimizer - INFO - 时间窗口合并完成: 20 -> 20 个窗口
2025-09-21 00:40:19,468 - app.algorithms.monthly_scheduling.scheduling_optimizer - INFO - 时间窗口合并完成: 20 -> 20 个窗口
2025-09-21 00:40:19,469 - app.algorithms.monthly_scheduling.scheduling_optimizer - INFO - 时间窗口合并完成: 20 -> 20 个窗口
2025-09-21 00:40:19,469 - app.algorithms.monthly_scheduling.scheduling_optimizer - INFO - 时间窗口合并完成: 20 -> 20 个窗口
2025-09-21 00:40:19,469 - app.algorithms.monthly_scheduling.scheduling_optimizer - INFO - 时间窗口合并完成: 20 -> 20 个窗口
2025-09-21 00:40:19,469 - app.algorithms.monthly_scheduling.scheduling_optimizer - WARNING - 产品 雄狮(红老版) 拆分后仍有 5500 箱未分配
2025-09-21 00:40:19,469 - app.algorithms.monthly_scheduling.scheduling_optimizer - ERROR - 产品 雄狮(红老版) 最终调度失败
2025-09-21 00:40:19,469 - app.algorithms.monthly_scheduling.scheduling_optimizer - INFO - 时间窗口合并完成: 20 -> 20 个窗口
2025-09-21 00:40:19,469 - app.algorithms.monthly_scheduling.scheduling_optimizer - INFO - 时间窗口合并完成: 20 -> 20 个窗口
2025-09-21 00:40:19,470 - app.algorithms.monthly_scheduling.scheduling_optimizer - INFO - 时间窗口合并完成: 20 -> 20 个窗口
2025-09-21 00:40:19,470 - app.algorithms.monthly_scheduling.scheduling_optimizer - INFO - 时间窗口合并完成: 20 -> 20 个窗口
2025-09-21 00:40:19,470 - app.algorithms.monthly_scheduling.scheduling_optimizer - INFO - 时间窗口合并完成: 20 -> 20 个窗口
2025-09-21 00:40:19,470 - app.algorithms.monthly_scheduling.scheduling_optimizer - INFO - 时间窗口合并完成: 20 -> 20 个窗口
2025-09-21 00:40:19,470 - app.algorithms.monthly_scheduling.scheduling_optimizer - INFO - 时间窗口合并完成: 20 -> 20 个窗口
2025-09-21 00:40:19,470 - app.algorithms.monthly_scheduling.scheduling_optimizer - INFO - 时间窗口合并完成: 20 -> 20 个窗口
2025-09-21 00:40:19,470 - app.algorithms.monthly_scheduling.scheduling_optimizer - INFO - 时间窗口合并完成: 20 -> 20 个窗口
2025-09-21 00:40:19,470 - app.algorithms.monthly_scheduling.scheduling_optimizer - INFO - 时间窗口合并完成: 20 -> 20 个窗口
2025-09-21 00:40:19,471 - app.algorithms.monthly_scheduling.scheduling_optimizer - INFO - 时间窗口合并完成: 20 -> 20 个窗口
2025-09-21 00:40:19,471 - app.algorithms.monthly_scheduling.scheduling_optimizer - INFO - 时间窗口合并完成: 20 -> 20 个窗口
2025-09-21 00:40:19,471 - app.algorithms.monthly_scheduling.scheduling_optimizer - INFO - 时间窗口合并完成: 20 -> 20 个窗口
2025-09-21 00:40:19,471 - app.algorithms.monthly_scheduling.scheduling_optimizer - INFO - 时间窗口合并完成: 20 -> 20 个窗口
2025-09-21 00:40:19,471 - app.algorithms.monthly_scheduling.scheduling_optimizer - INFO - 时间窗口合并完成: 20 -> 20 个窗口
2025-09-21 00:40:19,471 - app.algorithms.monthly_scheduling.scheduling_optimizer - INFO - 时间窗口合并完成: 20 -> 20 个窗口
2025-09-21 00:40:19,471 - app.algorithms.monthly_scheduling.scheduling_optimizer - INFO - 时间窗口合并完成: 20 -> 20 个窗口
2025-09-21 00:40:19,472 - app.algorithms.monthly_scheduling.scheduling_optimizer - INFO - 时间窗口合并完成: 20 -> 20 个窗口
2025-09-21 00:40:19,472 - app.algorithms.monthly_scheduling.scheduling_optimizer - INFO - 时间窗口合并完成: 20 -> 20 个窗口
2025-09-21 00:40:19,472 - app.algorithms.monthly_scheduling.scheduling_optimizer - INFO - 时间窗口合并完成: 20 -> 20 个窗口
2025-09-21 00:40:19,472 - app.algorithms.monthly_scheduling.scheduling_optimizer - INFO - 时间窗口合并完成: 20 -> 20 个窗口
2025-09-21 00:40:19,472 - app.algorithms.monthly_scheduling.scheduling_optimizer - INFO - 时间窗口合并完成: 20 -> 20 个窗口
2025-09-21 00:40:19,472 - app.algorithms.monthly_scheduling.scheduling_optimizer - INFO - 时间窗口合并完成: 20 -> 20 个窗口
2025-09-21 00:40:19,472 - app.algorithms.monthly_scheduling.scheduling_optimizer - INFO - 时间窗口合并完成: 20 -> 20 个窗口
2025-09-21 00:40:19,473 - app.algorithms.monthly_scheduling.scheduling_optimizer - INFO - 时间窗口合并完成: 20 -> 20 个窗口
2025-09-21 00:40:19,473 - app.algorithms.monthly_scheduling.scheduling_optimizer - INFO - 时间窗口合并完成: 20 -> 20 个窗口
2025-09-21 00:40:19,473 - app.algorithms.monthly_scheduling.scheduling_optimizer - INFO - 时间窗口合并完成: 20 -> 20 个窗口
2025-09-21 00:40:19,473 - app.algorithms.monthly_scheduling.scheduling_optimizer - INFO - 时间窗口合并完成: 20 -> 20 个窗口
2025-09-21 00:40:19,473 - app.algorithms.monthly_scheduling.scheduling_optimizer - INFO - 时间窗口合并完成: 20 -> 20 个窗口
2025-09-21 00:40:19,473 - app.algorithms.monthly_scheduling.scheduling_optimizer - INFO - 时间窗口合并完成: 20 -> 20 个窗口
2025-09-21 00:40:19,473 - app.algorithms.monthly_scheduling.scheduling_optimizer - INFO - 时间窗口合并完成: 20 -> 20 个窗口
2025-09-21 00:40:19,474 - app.algorithms.monthly_scheduling.scheduling_optimizer - INFO - 时间窗口合并完成: 20 -> 20 个窗口
2025-09-21 00:40:19,474 - app.algorithms.monthly_scheduling.scheduling_optimizer - INFO - 时间窗口合并完成: 20 -> 20 个窗口
2025-09-21 00:40:19,474 - app.algorithms.monthly_scheduling.scheduling_optimizer - INFO - 时间窗口合并完成: 20 -> 20 个窗口
2025-09-21 00:40:19,474 - app.algorithms.monthly_scheduling.scheduling_optimizer - INFO - 时间窗口合并完成: 20 -> 20 个窗口
2025-09-21 00:40:19,474 - app.algorithms.monthly_scheduling.scheduling_optimizer - WARNING - 产品 利群(阳光) 拆分后仍有 4700 箱未分配
2025-09-21 00:40:19,474 - app.algorithms.monthly_scheduling.scheduling_optimizer - ERROR - 产品 利群(阳光) 最终调度失败
2025-09-21 00:40:19,474 - app.algorithms.monthly_scheduling.scheduling_optimizer - INFO - 时间窗口合并完成: 20 -> 20 个窗口
2025-09-21 00:40:19,475 - app.algorithms.monthly_scheduling.scheduling_optimizer - INFO - 时间窗口合并完成: 20 -> 20 个窗口
2025-09-21 00:40:19,475 - app.algorithms.monthly_scheduling.scheduling_optimizer - INFO - 时间窗口合并完成: 20 -> 20 个窗口
2025-09-21 00:40:19,475 - app.algorithms.monthly_scheduling.scheduling_optimizer - INFO - 时间窗口合并完成: 20 -> 20 个窗口
2025-09-21 00:40:19,475 - app.algorithms.monthly_scheduling.scheduling_optimizer - INFO - 时间窗口合并完成: 20 -> 20 个窗口
2025-09-21 00:40:19,475 - app.algorithms.monthly_scheduling.scheduling_optimizer - INFO - 时间窗口合并完成: 20 -> 20 个窗口
2025-09-21 00:40:19,475 - app.algorithms.monthly_scheduling.scheduling_optimizer - INFO - 时间窗口合并完成: 20 -> 20 个窗口
2025-09-21 00:40:19,476 - app.algorithms.monthly_scheduling.scheduling_optimizer - INFO - 时间窗口合并完成: 20 -> 20 个窗口
2025-09-21 00:40:19,476 - app.algorithms.monthly_scheduling.scheduling_optimizer - INFO - 时间窗口合并完成: 20 -> 20 个窗口
2025-09-21 00:40:19,476 - app.algorithms.monthly_scheduling.scheduling_optimizer - INFO - 时间窗口合并完成: 20 -> 20 个窗口
2025-09-21 00:40:19,476 - app.algorithms.monthly_scheduling.scheduling_optimizer - INFO - 时间窗口合并完成: 20 -> 20 个窗口
2025-09-21 00:40:19,476 - app.algorithms.monthly_scheduling.scheduling_optimizer - INFO - 时间窗口合并完成: 20 -> 20 个窗口
2025-09-21 00:40:19,476 - app.algorithms.monthly_scheduling.scheduling_optimizer - INFO - 时间窗口合并完成: 20 -> 20 个窗口
2025-09-21 00:40:19,476 - app.algorithms.monthly_scheduling.scheduling_optimizer - INFO - 时间窗口合并完成: 20 -> 20 个窗口
2025-09-21 00:40:19,476 - app.algorithms.monthly_scheduling.scheduling_optimizer - INFO - 时间窗口合并完成: 20 -> 20 个窗口
2025-09-21 00:40:19,477 - app.algorithms.monthly_scheduling.scheduling_optimizer - INFO - 时间窗口合并完成: 20 -> 20 个窗口
2025-09-21 00:40:19,477 - app.algorithms.monthly_scheduling.scheduling_optimizer - INFO - 时间窗口合并完成: 20 -> 20 个窗口
2025-09-21 00:40:19,477 - app.algorithms.monthly_scheduling.scheduling_optimizer - INFO - 时间窗口合并完成: 20 -> 20 个窗口
2025-09-21 00:40:19,477 - app.algorithms.monthly_scheduling.scheduling_optimizer - INFO - 时间窗口合并完成: 20 -> 20 个窗口
2025-09-21 00:40:19,477 - app.algorithms.monthly_scheduling.scheduling_optimizer - INFO - 时间窗口合并完成: 20 -> 20 个窗口
2025-09-21 00:40:19,477 - app.algorithms.monthly_scheduling.scheduling_optimizer - INFO - 时间窗口合并完成: 20 -> 20 个窗口
2025-09-21 00:40:19,477 - app.algorithms.monthly_scheduling.scheduling_optimizer - INFO - 时间窗口合并完成: 20 -> 20 个窗口
2025-09-21 00:40:19,477 - app.algorithms.monthly_scheduling.scheduling_optimizer - INFO - 时间窗口合并完成: 20 -> 20 个窗口
2025-09-21 00:40:19,478 - app.algorithms.monthly_scheduling.scheduling_optimizer - INFO - 时间窗口合并完成: 20 -> 20 个窗口
2025-09-21 00:40:19,478 - app.algorithms.monthly_scheduling.scheduling_optimizer - INFO - 时间窗口合并完成: 20 -> 20 个窗口
2025-09-21 00:40:19,478 - app.algorithms.monthly_scheduling.scheduling_optimizer - INFO - 时间窗口合并完成: 20 -> 20 个窗口
2025-09-21 00:40:19,478 - app.algorithms.monthly_scheduling.scheduling_optimizer - INFO - 时间窗口合并完成: 20 -> 20 个窗口
2025-09-21 00:40:19,478 - app.algorithms.monthly_scheduling.scheduling_optimizer - INFO - 时间窗口合并完成: 20 -> 20 个窗口
2025-09-21 00:40:19,478 - app.algorithms.monthly_scheduling.scheduling_optimizer - INFO - 时间窗口合并完成: 20 -> 20 个窗口
2025-09-21 00:40:19,479 - app.algorithms.monthly_scheduling.scheduling_optimizer - INFO - 时间窗口合并完成: 20 -> 20 个窗口
2025-09-21 00:40:19,479 - app.algorithms.monthly_scheduling.scheduling_optimizer - INFO - 时间窗口合并完成: 20 -> 20 个窗口
2025-09-21 00:40:19,479 - app.algorithms.monthly_scheduling.scheduling_optimizer - INFO - 时间窗口合并完成: 20 -> 20 个窗口
2025-09-21 00:40:19,479 - app.algorithms.monthly_scheduling.scheduling_optimizer - INFO - 时间窗口合并完成: 20 -> 20 个窗口
2025-09-21 00:40:19,479 - app.algorithms.monthly_scheduling.scheduling_optimizer - INFO - 时间窗口合并完成: 20 -> 20 个窗口
2025-09-21 00:40:19,479 - app.algorithms.monthly_scheduling.scheduling_optimizer - INFO - 时间窗口合并完成: 20 -> 20 个窗口
2025-09-21 00:40:19,479 - app.algorithms.monthly_scheduling.scheduling_optimizer - WARNING - 产品 利群(西子阳光) 拆分后仍有 3400 箱未分配
2025-09-21 00:40:19,479 - app.algorithms.monthly_scheduling.scheduling_optimizer - ERROR - 产品 利群(西子阳光) 最终调度失败
2025-09-21 00:40:19,480 - app.algorithms.monthly_scheduling.scheduling_optimizer - INFO - 调度覆盖性验证: 覆盖率 1.8%, 完全覆盖 8 个产品, 缺失 8 个产品
2025-09-21 00:40:19,480 - app.algorithms.monthly_scheduling.scheduling_optimizer - INFO - 调度优化完成: 成功调度 18 个产品
2025-09-21 00:40:19,480 - app.algorithms.monthly_scheduling.scheduling_optimizer - INFO - 时间重叠验证通过：所有机台时间窗口无重叠
2025-09-21 00:40:19,480 - app.algorithms.monthly_scheduling.scheduling_optimizer - INFO - 调度覆盖性验证: 覆盖率 1.8%, 完全覆盖 8 个产品, 缺失 8 个产品
2025-09-21 00:40:19,480 - app.algorithms.monthly_scheduling.monthly_scheduling_engine - INFO - Phase 4 完成: 成功调度 18 个产品, 未分配 8 个, 零重叠验证: 通过
2025-09-21 00:40:19,480 - app.algorithms.monthly_scheduling.monthly_scheduling_engine - INFO - [66.7%] PHASE_4_OPTIMIZATION: 调度优化完成
2025-09-21 00:40:19,663 - app.algorithms.monthly_scheduling.monthly_scheduling_engine - INFO - === Phase 5: 约束验证阶段 ===
2025-09-21 00:40:19,664 - app.algorithms.monthly_scheduling.monthly_scheduling_engine - INFO - [66.7%] PHASE_5_VALIDATION: 开始约束验证
2025-09-21 00:40:19,845 - app.algorithms.monthly_scheduling.constraint_validator - INFO - 开始执行约束验证
2025-09-21 00:40:19,846 - app.algorithms.monthly_scheduling.constraint_validator - INFO - 约束验证完成: 失败, 严重错误 10 个, 警告 18 个
2025-09-21 00:40:19,847 - app.algorithms.monthly_scheduling.monthly_scheduling_engine - ERROR - Phase 5 失败: 约束验证失败: 发现 10 个严重违规
2025-09-21 00:40:19,847 - app.algorithms.monthly_scheduling.monthly_scheduling_engine - ERROR - 算法执行失败: 约束验证失败: 发现 10 个严重违规
2025-09-21 00:40:19,847 - app.algorithms.monthly_scheduling.monthly_scheduling_engine - ERROR - 月度排产算法执行失败: 约束验证失败: 发现 10 个严重违规
INFO:     10.0.0.87:52270 - "GET /api/v1/monthly-scheduling/tasks?page=1&page_size=5 HTTP/1.1" 200 OK
INFO:     10.0.0.87:52271 - "GET /api/v1/monthly-data/imports?page=1&page_size=10&status=COMPLETED HTTP/1.1" 200 OK
INFO:     10.0.0.87:52271 - "GET /api/v1/monthly-scheduling/tasks?monthly_batch_id=MONTHLY_20250919_200606_AE17&page=1&page_size=1 HTTP/1.1" 200 OK
INFO:     10.0.0.87:52765 - "GET /api/v1/monthly-data/imports?page=1&page_size=10&status=COMPLETED HTTP/1.1" 200 OK
INFO:     10.0.0.87:52765 - "GET /api/v1/monthly-scheduling/tasks?monthly_batch_id=MONTHLY_20250919_200606_AE17&page=1&page_size=1 HTTP/1.1" 200 OK
INFO:     10.0.0.87:52765 - "POST /api/v1/monthly-scheduling/execute HTTP/1.1" 200 OK
INFO:     10.0.0.87:52765 - "GET /api/v1/monthly-scheduling/tasks/MONTHLY_TASK_20250921_004111_27F79A1D/status HTTP/1.1" 404 Not Found
INFO:     10.0.0.87:52765 - "GET /api/v1/monthly-data/imports?page=1&page_size=10&status=COMPLETED HTTP/1.1" 200 OK
2025-09-21 00:41:12,148 - root - INFO - 🚀 使用完整算法引擎执行月度排产: 批次=MONTHLY_20250919_200606_AE17
INFO:     10.0.0.87:52765 - "GET /api/v1/monthly-scheduling/tasks?monthly_batch_id=MONTHLY_20250919_200606_AE17&page=1&page_size=1 HTTP/1.1" 200 OK
2025-09-21 00:41:12,540 - app.algorithms.monthly_scheduling.monthly_scheduling_engine - INFO - 算法执行环境初始化完成: 任务ID MONTHLY_TASK_20250921_004111_27F79A1D
2025-09-21 00:41:12,540 - app.algorithms.monthly_scheduling.monthly_scheduling_engine - INFO - [0.0%] PHASE_1_DATA_LOADING: 算法初始化完成
2025-09-21 00:41:12,728 - app.algorithms.monthly_scheduling.monthly_scheduling_engine - INFO - 开始执行月度排产算法: 批次 MONTHLY_20250919_200606_AE17, 任务 MONTHLY_TASK_20250921_004111_27F79A1D
2025-09-21 00:41:12,728 - app.algorithms.monthly_scheduling.monthly_scheduling_engine - INFO - === Phase 1: 数据加载阶段 ===
2025-09-21 00:41:12,728 - app.algorithms.monthly_scheduling.monthly_scheduling_engine - INFO - [0.0%] PHASE_1_DATA_LOADING: 开始数据加载
2025-09-21 00:41:12,932 - app.algorithms.monthly_scheduling.database_loader - INFO - 开始加载月度批次数据: MONTHLY_20250919_200606_AE17
2025-09-21 00:41:13,075 - app.algorithms.monthly_scheduling.database_loader - INFO - 加载月度计划: 26 条记录
2025-09-21 00:41:13,101 - app.algorithms.monthly_scheduling.database_loader - INFO - 加载机台信息: 卷包机 35 台, 喂丝机 32 台
2025-09-21 00:41:13,128 - app.algorithms.monthly_scheduling.database_loader - INFO - 加载速度配置: 特定配置 0 项, 通配符配置 22 项
2025-09-21 00:41:13,153 - app.algorithms.monthly_scheduling.database_loader - INFO - 加载机台关系: 35 对关系
2025-09-21 00:41:13,178 - app.algorithms.monthly_scheduling.database_loader - INFO - 加载班次配置: 2 个班次
2025-09-21 00:41:13,205 - app.algorithms.monthly_scheduling.database_loader - INFO - 加载工作日历: 2019年7月
2025-09-21 00:41:13,230 - app.algorithms.monthly_scheduling.database_loader - WARNING - 维护计划表为空，算法将忽略维护约束
2025-09-21 00:41:13,231 - app.algorithms.monthly_scheduling.database_loader - INFO - 加载维护计划: 0 个计划
2025-09-21 00:41:13,231 - app.algorithms.monthly_scheduling.database_loader - INFO - 数据完整性验证通过
2025-09-21 00:41:13,231 - app.algorithms.monthly_scheduling.database_loader - INFO - 所有数据加载完成
2025-09-21 00:41:13,231 - app.algorithms.monthly_scheduling.monthly_scheduling_engine - INFO - Phase 1 完成: 加载月度计划 26 个, 卷包机 35 台, 喂丝机 32 台
2025-09-21 00:41:13,231 - app.algorithms.monthly_scheduling.monthly_scheduling_engine - INFO - [16.7%] PHASE_1_DATA_LOADING: 数据加载完成
2025-09-21 00:41:13,302 - app.algorithms.monthly_scheduling.monthly_scheduling_engine - INFO - === Phase 2: 时间窗口计算阶段 ===
2025-09-21 00:41:13,302 - app.algorithms.monthly_scheduling.monthly_scheduling_engine - INFO - [16.7%] PHASE_2_TIME_WINDOWS: 开始时间窗口计算
2025-09-21 00:41:13,493 - app.algorithms.monthly_scheduling.time_window_calculator - INFO - 开始计算机台可用时间窗口
2025-09-21 00:41:13,493 - app.algorithms.monthly_scheduling.time_window_calculator - INFO - 生成基础时间窗口: 40 个时间段
2025-09-21 00:41:13,495 - app.algorithms.monthly_scheduling.time_window_calculator - INFO - 动态计算期望总时长: 20天 × 17.33小时/天 = 346.67小时
2025-09-21 00:41:13,496 - app.algorithms.monthly_scheduling.time_window_calculator - INFO - 时间窗口完整性验证通过
2025-09-21 00:41:13,496 - app.algorithms.monthly_scheduling.time_window_calculator - INFO - 完成时间窗口计算: 35 台机台
2025-09-21 00:41:13,496 - app.algorithms.monthly_scheduling.monthly_scheduling_engine - INFO - Phase 2 完成: 生成 35 台机台的时间窗口, 总计 700 个时间段, 12133.3 小时
2025-09-21 00:41:13,496 - app.algorithms.monthly_scheduling.monthly_scheduling_engine - INFO - [33.3%] PHASE_2_TIME_WINDOWS: 时间窗口计算完成
2025-09-21 00:41:13,678 - app.algorithms.monthly_scheduling.monthly_scheduling_engine - INFO - === Phase 3: 产能计算阶段 ===
2025-09-21 00:41:13,678 - app.algorithms.monthly_scheduling.monthly_scheduling_engine - INFO - [33.3%] PHASE_3_CAPACITY_CALC: 开始产能计算
2025-09-21 00:41:13,861 - app.algorithms.monthly_scheduling.capacity_calculator - INFO - 开始计算卷包机产能矩阵
2025-09-21 00:41:13,867 - app.algorithms.monthly_scheduling.capacity_calculator - INFO - 完成产能计算: 910 个机台-产品组合
2025-09-21 00:41:13,867 - app.algorithms.monthly_scheduling.capacity_calculator - INFO - 验证产能约束
2025-09-21 00:41:13,868 - app.algorithms.monthly_scheduling.capacity_calculator - INFO - 产能约束验证完成: 可生产产品 18/26
2025-09-21 00:41:13,869 - app.algorithms.monthly_scheduling.monthly_scheduling_engine - INFO - Phase 3 完成: 计算 910 个机台-产品组合, 可行组合 630 个 (69.2%)
2025-09-21 00:41:13,869 - app.algorithms.monthly_scheduling.monthly_scheduling_engine - INFO - [50.0%] PHASE_3_CAPACITY_CALC: 产能计算完成
2025-09-21 00:41:14,059 - app.algorithms.monthly_scheduling.monthly_scheduling_engine - INFO - === Phase 4: 调度优化阶段 ===
2025-09-21 00:41:14,059 - app.algorithms.monthly_scheduling.monthly_scheduling_engine - INFO - [50.0%] PHASE_4_OPTIMIZATION: 开始调度优化
2025-09-21 00:41:14,237 - app.algorithms.monthly_scheduling.scheduling_optimizer - INFO - 开始执行调度优化算法
2025-09-21 00:41:14,238 - app.algorithms.monthly_scheduling.scheduling_optimizer - INFO - 产品优先级排序完成: 26 个产品
2025-09-21 00:41:14,239 - app.algorithms.monthly_scheduling.scheduling_optimizer - WARNING - 产品 利群(软长嘴) 没有可用机台
2025-09-21 00:41:14,239 - app.algorithms.monthly_scheduling.scheduling_optimizer - WARNING - 产品 利群(软长嘴) 初次调度失败，加入重试队列
2025-09-21 00:41:14,239 - app.algorithms.monthly_scheduling.scheduling_optimizer - WARNING - 产品 利群（蓝天） 没有可用机台
2025-09-21 00:41:14,239 - app.algorithms.monthly_scheduling.scheduling_optimizer - WARNING - 产品 利群（蓝天） 初次调度失败，加入重试队列
2025-09-21 00:41:14,239 - app.algorithms.monthly_scheduling.scheduling_optimizer - WARNING - 产品 利群（新版） 没有可用机台
2025-09-21 00:41:14,239 - app.algorithms.monthly_scheduling.scheduling_optimizer - WARNING - 产品 利群（新版） 初次调度失败，加入重试队列
2025-09-21 00:41:14,239 - app.algorithms.monthly_scheduling.scheduling_optimizer - WARNING - 产品 利群(软红长嘴) 没有可用机台
2025-09-21 00:41:14,239 - app.algorithms.monthly_scheduling.scheduling_optimizer - WARNING - 产品 利群(软红长嘴) 初次调度失败，加入重试队列
2025-09-21 00:41:14,239 - app.algorithms.monthly_scheduling.scheduling_optimizer - WARNING - 产品 利群(长嘴) 没有可用机台
2025-09-21 00:41:14,239 - app.algorithms.monthly_scheduling.scheduling_optimizer - WARNING - 产品 利群(长嘴) 初次调度失败，加入重试队列
2025-09-21 00:41:14,239 - app.algorithms.monthly_scheduling.scheduling_optimizer - WARNING - 产品 雄狮(红老版) 没有可用机台
2025-09-21 00:41:14,239 - app.algorithms.monthly_scheduling.scheduling_optimizer - WARNING - 产品 雄狮(红老版) 初次调度失败，加入重试队列
2025-09-21 00:41:14,239 - app.algorithms.monthly_scheduling.scheduling_optimizer - WARNING - 产品 利群(阳光) 没有可用机台
2025-09-21 00:41:14,239 - app.algorithms.monthly_scheduling.scheduling_optimizer - WARNING - 产品 利群(阳光) 初次调度失败，加入重试队列
2025-09-21 00:41:14,240 - app.algorithms.monthly_scheduling.scheduling_optimizer - WARNING - 产品 利群(西子阳光) 没有可用机台
2025-09-21 00:41:14,240 - app.algorithms.monthly_scheduling.scheduling_optimizer - WARNING - 产品 利群(西子阳光) 初次调度失败，加入重试队列
2025-09-21 00:41:14,240 - app.algorithms.monthly_scheduling.scheduling_optimizer - INFO - 产品 利群（夜西湖） 需要 237.50小时，启用拆分调度
2025-09-21 00:41:14,240 - app.algorithms.monthly_scheduling.scheduling_optimizer - INFO - 开始大批量产品拆分调度: 利群（夜西湖）, 目标 1900 箱
2025-09-21 00:41:14,240 - app.algorithms.monthly_scheduling.scheduling_optimizer - INFO - ✅ 在机台 A1 分配 136 箱 (17.00小时)
2025-09-21 00:41:14,240 - app.algorithms.monthly_scheduling.scheduling_optimizer - INFO - ✅ 在机台 A2 分配 136 箱 (17.00小时)
2025-09-21 00:41:14,240 - app.algorithms.monthly_scheduling.scheduling_optimizer - INFO - ✅ 在机台 A3 分配 136 箱 (17.00小时)
2025-09-21 00:41:14,240 - app.algorithms.monthly_scheduling.scheduling_optimizer - INFO - ✅ 在机台 A4 分配 136 箱 (17.00小时)
2025-09-21 00:41:14,241 - app.algorithms.monthly_scheduling.scheduling_optimizer - INFO - ✅ 在机台 A5 分配 136 箱 (17.00小时)
2025-09-21 00:41:14,241 - app.algorithms.monthly_scheduling.scheduling_optimizer - INFO - ✅ 在机台 A6 分配 136 箱 (17.00小时)
2025-09-21 00:41:14,241 - app.algorithms.monthly_scheduling.scheduling_optimizer - INFO - ✅ 在机台 A7 分配 136 箱 (17.00小时)
2025-09-21 00:41:14,241 - app.algorithms.monthly_scheduling.scheduling_optimizer - INFO - ✅ 在机台 A8 分配 136 箱 (17.00小时)
2025-09-21 00:41:14,241 - app.algorithms.monthly_scheduling.scheduling_optimizer - INFO - ✅ 在机台 A9 分配 136 箱 (17.00小时)
2025-09-21 00:41:14,241 - app.algorithms.monthly_scheduling.scheduling_optimizer - INFO - ✅ 在机台 B1 分配 136 箱 (17.00小时)
2025-09-21 00:41:14,241 - app.algorithms.monthly_scheduling.scheduling_optimizer - INFO - ✅ 在机台 B2 分配 136 箱 (17.00小时)
2025-09-21 00:41:14,242 - app.algorithms.monthly_scheduling.scheduling_optimizer - INFO - ✅ 在机台 B3 分配 136 箱 (17.00小时)
2025-09-21 00:41:14,242 - app.algorithms.monthly_scheduling.scheduling_optimizer - INFO - ✅ 在机台 B4 分配 136 箱 (17.00小时)
2025-09-21 00:41:14,242 - app.algorithms.monthly_scheduling.scheduling_optimizer - INFO - ✅ 在机台 B5 分配 132 箱 (16.50小时)
2025-09-21 00:41:14,242 - app.algorithms.monthly_scheduling.scheduling_optimizer - INFO - 产品 利群（西湖恋） 需要 212.50小时，启用拆分调度
2025-09-21 00:41:14,242 - app.algorithms.monthly_scheduling.scheduling_optimizer - INFO - 开始大批量产品拆分调度: 利群（西湖恋）, 目标 1700 箱
2025-09-21 00:41:14,242 - app.algorithms.monthly_scheduling.scheduling_optimizer - INFO - ✅ 在机台 A1 分配 136 箱 (17.00小时)
2025-09-21 00:41:14,242 - app.algorithms.monthly_scheduling.scheduling_optimizer - INFO - ✅ 在机台 A2 分配 136 箱 (17.00小时)
2025-09-21 00:41:14,244 - app.algorithms.monthly_scheduling.scheduling_optimizer - INFO - ✅ 在机台 A3 分配 136 箱 (17.00小时)
2025-09-21 00:41:14,244 - app.algorithms.monthly_scheduling.scheduling_optimizer - INFO - ✅ 在机台 A4 分配 136 箱 (17.00小时)
2025-09-21 00:41:14,244 - app.algorithms.monthly_scheduling.scheduling_optimizer - INFO - ✅ 在机台 A5 分配 136 箱 (17.00小时)
2025-09-21 00:41:14,244 - app.algorithms.monthly_scheduling.scheduling_optimizer - INFO - ✅ 在机台 A6 分配 136 箱 (17.00小时)
2025-09-21 00:41:14,244 - app.algorithms.monthly_scheduling.scheduling_optimizer - INFO - ✅ 在机台 A7 分配 136 箱 (17.00小时)
2025-09-21 00:41:14,245 - app.algorithms.monthly_scheduling.scheduling_optimizer - INFO - ✅ 在机台 A8 分配 136 箱 (17.00小时)
2025-09-21 00:41:14,245 - app.algorithms.monthly_scheduling.scheduling_optimizer - INFO - ✅ 在机台 A9 分配 136 箱 (17.00小时)
2025-09-21 00:41:14,245 - app.algorithms.monthly_scheduling.scheduling_optimizer - INFO - ✅ 在机台 B1 分配 136 箱 (17.00小时)
2025-09-21 00:41:14,245 - app.algorithms.monthly_scheduling.scheduling_optimizer - INFO - ✅ 在机台 B2 分配 136 箱 (17.00小时)
2025-09-21 00:41:14,245 - app.algorithms.monthly_scheduling.scheduling_optimizer - INFO - ✅ 在机台 B3 分配 136 箱 (17.00小时)
2025-09-21 00:41:14,245 - app.algorithms.monthly_scheduling.scheduling_optimizer - INFO - ✅ 在机台 B4 分配 68 箱 (8.50小时)
2025-09-21 00:41:14,245 - app.algorithms.monthly_scheduling.scheduling_optimizer - INFO - 产品 利群（江南韵） 需要 187.50小时，启用拆分调度
2025-09-21 00:41:14,246 - app.algorithms.monthly_scheduling.scheduling_optimizer - INFO - 开始大批量产品拆分调度: 利群（江南韵）, 目标 1500 箱
2025-09-21 00:41:14,246 - app.algorithms.monthly_scheduling.scheduling_optimizer - INFO - ✅ 在机台 A1 分配 136 箱 (17.00小时)
2025-09-21 00:41:14,246 - app.algorithms.monthly_scheduling.scheduling_optimizer - INFO - ✅ 在机台 A2 分配 136 箱 (17.00小时)
2025-09-21 00:41:14,247 - app.algorithms.monthly_scheduling.scheduling_optimizer - INFO - ✅ 在机台 A3 分配 136 箱 (17.00小时)
2025-09-21 00:41:14,247 - app.algorithms.monthly_scheduling.scheduling_optimizer - INFO - ✅ 在机台 A4 分配 136 箱 (17.00小时)
2025-09-21 00:41:14,247 - app.algorithms.monthly_scheduling.scheduling_optimizer - INFO - ✅ 在机台 A5 分配 136 箱 (17.00小时)
2025-09-21 00:41:14,247 - app.algorithms.monthly_scheduling.scheduling_optimizer - INFO - ✅ 在机台 A6 分配 136 箱 (17.00小时)
2025-09-21 00:41:14,247 - app.algorithms.monthly_scheduling.scheduling_optimizer - INFO - ✅ 在机台 A7 分配 136 箱 (17.00小时)
2025-09-21 00:41:14,247 - app.algorithms.monthly_scheduling.scheduling_optimizer - INFO - ✅ 在机台 A8 分配 136 箱 (17.00小时)
2025-09-21 00:41:14,248 - app.algorithms.monthly_scheduling.scheduling_optimizer - INFO - ✅ 在机台 A9 分配 136 箱 (17.00小时)
2025-09-21 00:41:14,248 - app.algorithms.monthly_scheduling.scheduling_optimizer - INFO - ✅ 在机台 B1 分配 136 箱 (17.00小时)
2025-09-21 00:41:14,248 - app.algorithms.monthly_scheduling.scheduling_optimizer - INFO - ✅ 在机台 B2 分配 136 箱 (17.00小时)
2025-09-21 00:41:14,249 - app.algorithms.monthly_scheduling.scheduling_optimizer - INFO - ✅ 在机台 B3 分配 4 箱 (0.50小时)
2025-09-21 00:41:14,249 - app.algorithms.monthly_scheduling.scheduling_optimizer - INFO - 产品 利群（阳光橙中支） 需要 150.00小时，启用拆分调度
2025-09-21 00:41:14,249 - app.algorithms.monthly_scheduling.scheduling_optimizer - INFO - 开始大批量产品拆分调度: 利群（阳光橙中支）, 目标 1200 箱
2025-09-21 00:41:14,249 - app.algorithms.monthly_scheduling.scheduling_optimizer - INFO - ✅ 在机台 A1 分配 136 箱 (17.00小时)
2025-09-21 00:41:14,250 - app.algorithms.monthly_scheduling.scheduling_optimizer - INFO - ✅ 在机台 A2 分配 136 箱 (17.00小时)
2025-09-21 00:41:14,250 - app.algorithms.monthly_scheduling.scheduling_optimizer - INFO - ✅ 在机台 A3 分配 136 箱 (17.00小时)
2025-09-21 00:41:14,250 - app.algorithms.monthly_scheduling.scheduling_optimizer - INFO - ✅ 在机台 A4 分配 136 箱 (17.00小时)
2025-09-21 00:41:14,250 - app.algorithms.monthly_scheduling.scheduling_optimizer - INFO - ✅ 在机台 A5 分配 136 箱 (17.00小时)
2025-09-21 00:41:14,250 - app.algorithms.monthly_scheduling.scheduling_optimizer - INFO - ✅ 在机台 A6 分配 136 箱 (17.00小时)
2025-09-21 00:41:14,251 - app.algorithms.monthly_scheduling.scheduling_optimizer - INFO - ✅ 在机台 A7 分配 136 箱 (17.00小时)
2025-09-21 00:41:14,251 - app.algorithms.monthly_scheduling.scheduling_optimizer - INFO - ✅ 在机台 A8 分配 136 箱 (17.00小时)
2025-09-21 00:41:14,251 - app.algorithms.monthly_scheduling.scheduling_optimizer - INFO - ✅ 在机台 A9 分配 112 箱 (14.00小时)
2025-09-21 00:41:14,251 - app.algorithms.monthly_scheduling.scheduling_optimizer - INFO - 产品 雄狮(红) 需要 150.00小时，启用拆分调度
2025-09-21 00:41:14,251 - app.algorithms.monthly_scheduling.scheduling_optimizer - INFO - 开始大批量产品拆分调度: 雄狮(红), 目标 1200 箱
2025-09-21 00:41:14,251 - app.algorithms.monthly_scheduling.scheduling_optimizer - INFO - ✅ 在机台 A1 分配 136 箱 (17.00小时)
2025-09-21 00:41:14,251 - app.algorithms.monthly_scheduling.scheduling_optimizer - INFO - ✅ 在机台 A2 分配 136 箱 (17.00小时)
2025-09-21 00:41:14,251 - app.algorithms.monthly_scheduling.scheduling_optimizer - INFO - ✅ 在机台 A3 分配 136 箱 (17.00小时)
2025-09-21 00:41:14,252 - app.algorithms.monthly_scheduling.scheduling_optimizer - INFO - ✅ 在机台 A4 分配 136 箱 (17.00小时)
2025-09-21 00:41:14,252 - app.algorithms.monthly_scheduling.scheduling_optimizer - INFO - ✅ 在机台 A5 分配 136 箱 (17.00小时)
2025-09-21 00:41:14,252 - app.algorithms.monthly_scheduling.scheduling_optimizer - INFO - ✅ 在机台 A6 分配 136 箱 (17.00小时)
2025-09-21 00:41:14,252 - app.algorithms.monthly_scheduling.scheduling_optimizer - INFO - ✅ 在机台 A7 分配 136 箱 (17.00小时)
2025-09-21 00:41:14,252 - app.algorithms.monthly_scheduling.scheduling_optimizer - INFO - ✅ 在机台 A8 分配 136 箱 (17.00小时)
2025-09-21 00:41:14,252 - app.algorithms.monthly_scheduling.scheduling_optimizer - INFO - ✅ 在机台 A9 分配 112 箱 (14.00小时)
2025-09-21 00:41:14,253 - app.algorithms.monthly_scheduling.scheduling_optimizer - INFO - 产品 利群(新二代) 需要 122.50小时，启用拆分调度
2025-09-21 00:41:14,253 - app.algorithms.monthly_scheduling.scheduling_optimizer - INFO - 开始大批量产品拆分调度: 利群(新二代), 目标 980 箱
2025-09-21 00:41:14,253 - app.algorithms.monthly_scheduling.scheduling_optimizer - INFO - ✅ 在机台 A1 分配 136 箱 (17.00小时)
2025-09-21 00:41:14,253 - app.algorithms.monthly_scheduling.scheduling_optimizer - INFO - ✅ 在机台 A2 分配 136 箱 (17.00小时)
2025-09-21 00:41:14,253 - app.algorithms.monthly_scheduling.scheduling_optimizer - INFO - ✅ 在机台 A3 分配 136 箱 (17.00小时)
2025-09-21 00:41:14,253 - app.algorithms.monthly_scheduling.scheduling_optimizer - INFO - ✅ 在机台 A4 分配 136 箱 (17.00小时)
2025-09-21 00:41:14,253 - app.algorithms.monthly_scheduling.scheduling_optimizer - INFO - ✅ 在机台 A5 分配 136 箱 (17.00小时)
2025-09-21 00:41:14,253 - app.algorithms.monthly_scheduling.scheduling_optimizer - INFO - ✅ 在机台 A6 分配 136 箱 (17.00小时)
2025-09-21 00:41:14,254 - app.algorithms.monthly_scheduling.scheduling_optimizer - INFO - ✅ 在机台 A7 分配 136 箱 (17.00小时)
2025-09-21 00:41:14,254 - app.algorithms.monthly_scheduling.scheduling_optimizer - INFO - ✅ 在机台 A8 分配 28 箱 (3.50小时)
2025-09-21 00:41:14,254 - app.algorithms.monthly_scheduling.scheduling_optimizer - INFO - 产品 利群(软红长嘴硬化) 需要 62.50小时，启用拆分调度
2025-09-21 00:41:14,254 - app.algorithms.monthly_scheduling.scheduling_optimizer - INFO - 开始大批量产品拆分调度: 利群(软红长嘴硬化), 目标 500 箱
2025-09-21 00:41:14,254 - app.algorithms.monthly_scheduling.scheduling_optimizer - INFO - ✅ 在机台 A1 分配 136 箱 (17.00小时)
2025-09-21 00:41:14,254 - app.algorithms.monthly_scheduling.scheduling_optimizer - INFO - ✅ 在机台 A2 分配 136 箱 (17.00小时)
2025-09-21 00:41:14,254 - app.algorithms.monthly_scheduling.scheduling_optimizer - INFO - ✅ 在机台 A3 分配 136 箱 (17.00小时)
2025-09-21 00:41:14,254 - app.algorithms.monthly_scheduling.scheduling_optimizer - INFO - ✅ 在机台 A4 分配 92 箱 (11.50小时)
2025-09-21 00:41:14,255 - app.algorithms.monthly_scheduling.scheduling_optimizer - INFO - 产品 利群(软金色阳光) 需要 52.50小时，启用拆分调度
2025-09-21 00:41:14,255 - app.algorithms.monthly_scheduling.scheduling_optimizer - INFO - 开始大批量产品拆分调度: 利群(软金色阳光), 目标 420 箱
2025-09-21 00:41:14,255 - app.algorithms.monthly_scheduling.scheduling_optimizer - INFO - ✅ 在机台 A1 分配 136 箱 (17.00小时)
2025-09-21 00:41:14,255 - app.algorithms.monthly_scheduling.scheduling_optimizer - INFO - ✅ 在机台 A2 分配 136 箱 (17.00小时)
2025-09-21 00:41:14,255 - app.algorithms.monthly_scheduling.scheduling_optimizer - INFO - ✅ 在机台 A3 分配 136 箱 (17.00小时)
2025-09-21 00:41:14,255 - app.algorithms.monthly_scheduling.scheduling_optimizer - INFO - ✅ 在机台 A4 分配 12 箱 (1.50小时)
2025-09-21 00:41:14,255 - app.algorithms.monthly_scheduling.scheduling_optimizer - INFO - 产品 利群（红利) 需要 43.75小时，启用拆分调度
2025-09-21 00:41:14,255 - app.algorithms.monthly_scheduling.scheduling_optimizer - INFO - 开始大批量产品拆分调度: 利群（红利), 目标 350 箱
2025-09-21 00:41:14,255 - app.algorithms.monthly_scheduling.scheduling_optimizer - INFO - ✅ 在机台 A1 分配 136 箱 (17.00小时)
2025-09-21 00:41:14,256 - app.algorithms.monthly_scheduling.scheduling_optimizer - INFO - ✅ 在机台 A2 分配 136 箱 (17.00小时)
2025-09-21 00:41:14,256 - app.algorithms.monthly_scheduling.scheduling_optimizer - INFO - ✅ 在机台 A3 分配 78 箱 (9.75小时)
2025-09-21 00:41:14,256 - app.algorithms.monthly_scheduling.scheduling_optimizer - INFO - 产品 利群(休闲云端） 需要 36.25小时，启用拆分调度
2025-09-21 00:41:14,256 - app.algorithms.monthly_scheduling.scheduling_optimizer - INFO - 开始大批量产品拆分调度: 利群(休闲云端）, 目标 290 箱
2025-09-21 00:41:14,256 - app.algorithms.monthly_scheduling.scheduling_optimizer - INFO - ✅ 在机台 A1 分配 136 箱 (17.00小时)
2025-09-21 00:41:14,256 - app.algorithms.monthly_scheduling.scheduling_optimizer - INFO - ✅ 在机台 A2 分配 136 箱 (17.00小时)
2025-09-21 00:41:14,256 - app.algorithms.monthly_scheduling.scheduling_optimizer - INFO - ✅ 在机台 A3 分配 18 箱 (2.25小时)
2025-09-21 00:41:14,257 - app.algorithms.monthly_scheduling.scheduling_optimizer - INFO - ✅ 成功调度产品 利群(软长嘴国际版) 到机台 A1
2025-09-21 00:41:14,257 - app.algorithms.monthly_scheduling.scheduling_optimizer - INFO - ✅ 成功调度产品 利群（阳光国际版） 到机台 A2
2025-09-21 00:41:14,257 - app.algorithms.monthly_scheduling.scheduling_optimizer - INFO - ✅ 成功调度产品 利群（阳光菲律宾） 到机台 A3
2025-09-21 00:41:14,258 - app.algorithms.monthly_scheduling.scheduling_optimizer - INFO - ✅ 成功调度产品 利群（阳光HK） 到机台 A4
2025-09-21 00:41:14,258 - app.algorithms.monthly_scheduling.scheduling_optimizer - INFO - ✅ 成功调度产品 利群（阳光台湾） 到机台 A5
2025-09-21 00:41:14,259 - app.algorithms.monthly_scheduling.scheduling_optimizer - INFO - ✅ 成功调度产品 利群（阳光澳门免税） 到机台 A6
2025-09-21 00:41:14,259 - app.algorithms.monthly_scheduling.scheduling_optimizer - INFO - ✅ 成功调度产品 利群（阳光马来西亚） 到机台 A7
2025-09-21 00:41:14,259 - app.algorithms.monthly_scheduling.scheduling_optimizer - INFO - ✅ 成功调度产品 利群(软长嘴英文) 到机台 A8
2025-09-21 00:41:14,260 - app.algorithms.monthly_scheduling.scheduling_optimizer - INFO - 开始重试调度: 8 个产品
2025-09-21 00:41:14,260 - app.algorithms.monthly_scheduling.scheduling_optimizer - INFO - 时间窗口合并完成: 20 -> 20 个窗口
2025-09-21 00:41:14,260 - app.algorithms.monthly_scheduling.scheduling_optimizer - INFO - 时间窗口合并完成: 20 -> 20 个窗口
2025-09-21 00:41:14,260 - app.algorithms.monthly_scheduling.scheduling_optimizer - INFO - 时间窗口合并完成: 20 -> 20 个窗口
2025-09-21 00:41:14,260 - app.algorithms.monthly_scheduling.scheduling_optimizer - INFO - 时间窗口合并完成: 20 -> 20 个窗口
2025-09-21 00:41:14,260 - app.algorithms.monthly_scheduling.scheduling_optimizer - INFO - 时间窗口合并完成: 20 -> 20 个窗口
2025-09-21 00:41:14,261 - app.algorithms.monthly_scheduling.scheduling_optimizer - INFO - 时间窗口合并完成: 20 -> 20 个窗口
2025-09-21 00:41:14,261 - app.algorithms.monthly_scheduling.scheduling_optimizer - INFO - 时间窗口合并完成: 20 -> 20 个窗口
2025-09-21 00:41:14,261 - app.algorithms.monthly_scheduling.scheduling_optimizer - INFO - 时间窗口合并完成: 20 -> 20 个窗口
2025-09-21 00:41:14,261 - app.algorithms.monthly_scheduling.scheduling_optimizer - INFO - 时间窗口合并完成: 20 -> 20 个窗口
2025-09-21 00:41:14,261 - app.algorithms.monthly_scheduling.scheduling_optimizer - INFO - 时间窗口合并完成: 20 -> 20 个窗口
2025-09-21 00:41:14,261 - app.algorithms.monthly_scheduling.scheduling_optimizer - INFO - 时间窗口合并完成: 20 -> 20 个窗口
2025-09-21 00:41:14,262 - app.algorithms.monthly_scheduling.scheduling_optimizer - INFO - 时间窗口合并完成: 20 -> 20 个窗口
2025-09-21 00:41:14,262 - app.algorithms.monthly_scheduling.scheduling_optimizer - INFO - 时间窗口合并完成: 20 -> 20 个窗口
2025-09-21 00:41:14,262 - app.algorithms.monthly_scheduling.scheduling_optimizer - INFO - 时间窗口合并完成: 20 -> 20 个窗口
2025-09-21 00:41:14,262 - app.algorithms.monthly_scheduling.scheduling_optimizer - INFO - 时间窗口合并完成: 20 -> 20 个窗口
2025-09-21 00:41:14,262 - app.algorithms.monthly_scheduling.scheduling_optimizer - INFO - 时间窗口合并完成: 20 -> 20 个窗口
2025-09-21 00:41:14,262 - app.algorithms.monthly_scheduling.scheduling_optimizer - INFO - 时间窗口合并完成: 20 -> 20 个窗口
2025-09-21 00:41:14,262 - app.algorithms.monthly_scheduling.scheduling_optimizer - INFO - 时间窗口合并完成: 20 -> 20 个窗口
2025-09-21 00:41:14,262 - app.algorithms.monthly_scheduling.scheduling_optimizer - INFO - 时间窗口合并完成: 20 -> 20 个窗口
2025-09-21 00:41:14,263 - app.algorithms.monthly_scheduling.scheduling_optimizer - INFO - 时间窗口合并完成: 20 -> 20 个窗口
2025-09-21 00:41:14,263 - app.algorithms.monthly_scheduling.scheduling_optimizer - INFO - 时间窗口合并完成: 20 -> 20 个窗口
2025-09-21 00:41:14,263 - app.algorithms.monthly_scheduling.scheduling_optimizer - INFO - 时间窗口合并完成: 20 -> 20 个窗口
2025-09-21 00:41:14,263 - app.algorithms.monthly_scheduling.scheduling_optimizer - INFO - 时间窗口合并完成: 20 -> 20 个窗口
2025-09-21 00:41:14,263 - app.algorithms.monthly_scheduling.scheduling_optimizer - INFO - 时间窗口合并完成: 20 -> 20 个窗口
2025-09-21 00:41:14,263 - app.algorithms.monthly_scheduling.scheduling_optimizer - INFO - 时间窗口合并完成: 20 -> 20 个窗口
2025-09-21 00:41:14,263 - app.algorithms.monthly_scheduling.scheduling_optimizer - INFO - 时间窗口合并完成: 20 -> 20 个窗口
2025-09-21 00:41:14,264 - app.algorithms.monthly_scheduling.scheduling_optimizer - INFO - 时间窗口合并完成: 20 -> 20 个窗口
2025-09-21 00:41:14,264 - app.algorithms.monthly_scheduling.scheduling_optimizer - INFO - 时间窗口合并完成: 20 -> 20 个窗口
2025-09-21 00:41:14,264 - app.algorithms.monthly_scheduling.scheduling_optimizer - INFO - 时间窗口合并完成: 20 -> 20 个窗口
2025-09-21 00:41:14,264 - app.algorithms.monthly_scheduling.scheduling_optimizer - INFO - 时间窗口合并完成: 20 -> 20 个窗口
2025-09-21 00:41:14,264 - app.algorithms.monthly_scheduling.scheduling_optimizer - INFO - 时间窗口合并完成: 20 -> 20 个窗口
2025-09-21 00:41:14,264 - app.algorithms.monthly_scheduling.scheduling_optimizer - INFO - 时间窗口合并完成: 20 -> 20 个窗口
2025-09-21 00:41:14,265 - app.algorithms.monthly_scheduling.scheduling_optimizer - INFO - 时间窗口合并完成: 20 -> 20 个窗口
2025-09-21 00:41:14,265 - app.algorithms.monthly_scheduling.scheduling_optimizer - INFO - 时间窗口合并完成: 20 -> 20 个窗口
2025-09-21 00:41:14,265 - app.algorithms.monthly_scheduling.scheduling_optimizer - INFO - 时间窗口合并完成: 20 -> 20 个窗口
2025-09-21 00:41:14,265 - app.algorithms.monthly_scheduling.scheduling_optimizer - WARNING - 产品 利群(软长嘴) 拆分后仍有 22700 箱未分配
2025-09-21 00:41:14,265 - app.algorithms.monthly_scheduling.scheduling_optimizer - ERROR - 产品 利群(软长嘴) 最终调度失败
2025-09-21 00:41:14,265 - app.algorithms.monthly_scheduling.scheduling_optimizer - INFO - 时间窗口合并完成: 20 -> 20 个窗口
2025-09-21 00:41:14,266 - app.algorithms.monthly_scheduling.scheduling_optimizer - INFO - 时间窗口合并完成: 20 -> 20 个窗口
2025-09-21 00:41:14,266 - app.algorithms.monthly_scheduling.scheduling_optimizer - INFO - 时间窗口合并完成: 20 -> 20 个窗口
2025-09-21 00:41:14,266 - app.algorithms.monthly_scheduling.scheduling_optimizer - INFO - 时间窗口合并完成: 20 -> 20 个窗口
2025-09-21 00:41:14,266 - app.algorithms.monthly_scheduling.scheduling_optimizer - INFO - 时间窗口合并完成: 20 -> 20 个窗口
2025-09-21 00:41:14,266 - app.algorithms.monthly_scheduling.scheduling_optimizer - INFO - 时间窗口合并完成: 20 -> 20 个窗口
2025-09-21 00:41:14,266 - app.algorithms.monthly_scheduling.scheduling_optimizer - INFO - 时间窗口合并完成: 20 -> 20 个窗口
2025-09-21 00:41:14,266 - app.algorithms.monthly_scheduling.scheduling_optimizer - INFO - 时间窗口合并完成: 20 -> 20 个窗口
2025-09-21 00:41:14,267 - app.algorithms.monthly_scheduling.scheduling_optimizer - INFO - 时间窗口合并完成: 20 -> 20 个窗口
2025-09-21 00:41:14,267 - app.algorithms.monthly_scheduling.scheduling_optimizer - INFO - 时间窗口合并完成: 20 -> 20 个窗口
2025-09-21 00:41:14,267 - app.algorithms.monthly_scheduling.scheduling_optimizer - INFO - 时间窗口合并完成: 20 -> 20 个窗口
2025-09-21 00:41:14,267 - app.algorithms.monthly_scheduling.scheduling_optimizer - INFO - 时间窗口合并完成: 20 -> 20 个窗口
2025-09-21 00:41:14,267 - app.algorithms.monthly_scheduling.scheduling_optimizer - INFO - 时间窗口合并完成: 20 -> 20 个窗口
2025-09-21 00:41:14,267 - app.algorithms.monthly_scheduling.scheduling_optimizer - INFO - 时间窗口合并完成: 20 -> 20 个窗口
2025-09-21 00:41:14,268 - app.algorithms.monthly_scheduling.scheduling_optimizer - INFO - 时间窗口合并完成: 20 -> 20 个窗口
2025-09-21 00:41:14,268 - app.algorithms.monthly_scheduling.scheduling_optimizer - INFO - 时间窗口合并完成: 20 -> 20 个窗口
2025-09-21 00:41:14,269 - app.algorithms.monthly_scheduling.scheduling_optimizer - INFO - 时间窗口合并完成: 20 -> 20 个窗口
2025-09-21 00:41:14,269 - app.algorithms.monthly_scheduling.scheduling_optimizer - INFO - 时间窗口合并完成: 20 -> 20 个窗口
2025-09-21 00:41:14,269 - app.algorithms.monthly_scheduling.scheduling_optimizer - INFO - 时间窗口合并完成: 20 -> 20 个窗口
2025-09-21 00:41:14,269 - app.algorithms.monthly_scheduling.scheduling_optimizer - INFO - 时间窗口合并完成: 20 -> 20 个窗口
2025-09-21 00:41:14,269 - app.algorithms.monthly_scheduling.scheduling_optimizer - INFO - 时间窗口合并完成: 20 -> 20 个窗口
2025-09-21 00:41:14,269 - app.algorithms.monthly_scheduling.scheduling_optimizer - INFO - 时间窗口合并完成: 20 -> 20 个窗口
2025-09-21 00:41:14,269 - app.algorithms.monthly_scheduling.scheduling_optimizer - INFO - 时间窗口合并完成: 20 -> 20 个窗口
2025-09-21 00:41:14,270 - app.algorithms.monthly_scheduling.scheduling_optimizer - INFO - 时间窗口合并完成: 20 -> 20 个窗口
2025-09-21 00:41:14,270 - app.algorithms.monthly_scheduling.scheduling_optimizer - INFO - 时间窗口合并完成: 20 -> 20 个窗口
2025-09-21 00:41:14,270 - app.algorithms.monthly_scheduling.scheduling_optimizer - INFO - 时间窗口合并完成: 20 -> 20 个窗口
2025-09-21 00:41:14,270 - app.algorithms.monthly_scheduling.scheduling_optimizer - INFO - 时间窗口合并完成: 20 -> 20 个窗口
2025-09-21 00:41:14,270 - app.algorithms.monthly_scheduling.scheduling_optimizer - INFO - 时间窗口合并完成: 20 -> 20 个窗口
2025-09-21 00:41:14,270 - app.algorithms.monthly_scheduling.scheduling_optimizer - INFO - 时间窗口合并完成: 20 -> 20 个窗口
2025-09-21 00:41:14,271 - app.algorithms.monthly_scheduling.scheduling_optimizer - INFO - 时间窗口合并完成: 20 -> 20 个窗口
2025-09-21 00:41:14,271 - app.algorithms.monthly_scheduling.scheduling_optimizer - INFO - 时间窗口合并完成: 20 -> 20 个窗口
2025-09-21 00:41:14,271 - app.algorithms.monthly_scheduling.scheduling_optimizer - INFO - 时间窗口合并完成: 20 -> 20 个窗口
2025-09-21 00:41:14,271 - app.algorithms.monthly_scheduling.scheduling_optimizer - INFO - 时间窗口合并完成: 20 -> 20 个窗口
2025-09-21 00:41:14,271 - app.algorithms.monthly_scheduling.scheduling_optimizer - INFO - 时间窗口合并完成: 20 -> 20 个窗口
2025-09-21 00:41:14,271 - app.algorithms.monthly_scheduling.scheduling_optimizer - INFO - 时间窗口合并完成: 20 -> 20 个窗口
2025-09-21 00:41:14,271 - app.algorithms.monthly_scheduling.scheduling_optimizer - WARNING - 产品 利群（蓝天） 拆分后仍有 13500 箱未分配
2025-09-21 00:41:14,271 - app.algorithms.monthly_scheduling.scheduling_optimizer - ERROR - 产品 利群（蓝天） 最终调度失败
2025-09-21 00:41:14,272 - app.algorithms.monthly_scheduling.scheduling_optimizer - INFO - 时间窗口合并完成: 20 -> 20 个窗口
2025-09-21 00:41:14,272 - app.algorithms.monthly_scheduling.scheduling_optimizer - INFO - 时间窗口合并完成: 20 -> 20 个窗口
2025-09-21 00:41:14,272 - app.algorithms.monthly_scheduling.scheduling_optimizer - INFO - 时间窗口合并完成: 20 -> 20 个窗口
2025-09-21 00:41:14,272 - app.algorithms.monthly_scheduling.scheduling_optimizer - INFO - 时间窗口合并完成: 20 -> 20 个窗口
2025-09-21 00:41:14,272 - app.algorithms.monthly_scheduling.scheduling_optimizer - INFO - 时间窗口合并完成: 20 -> 20 个窗口
2025-09-21 00:41:14,272 - app.algorithms.monthly_scheduling.scheduling_optimizer - INFO - 时间窗口合并完成: 20 -> 20 个窗口
2025-09-21 00:41:14,273 - app.algorithms.monthly_scheduling.scheduling_optimizer - INFO - 时间窗口合并完成: 20 -> 20 个窗口
2025-09-21 00:41:14,273 - app.algorithms.monthly_scheduling.scheduling_optimizer - INFO - 时间窗口合并完成: 20 -> 20 个窗口
2025-09-21 00:41:14,273 - app.algorithms.monthly_scheduling.scheduling_optimizer - INFO - 时间窗口合并完成: 20 -> 20 个窗口
2025-09-21 00:41:14,273 - app.algorithms.monthly_scheduling.scheduling_optimizer - INFO - 时间窗口合并完成: 20 -> 20 个窗口
2025-09-21 00:41:14,273 - app.algorithms.monthly_scheduling.scheduling_optimizer - INFO - 时间窗口合并完成: 20 -> 20 个窗口
2025-09-21 00:41:14,273 - app.algorithms.monthly_scheduling.scheduling_optimizer - INFO - 时间窗口合并完成: 20 -> 20 个窗口
2025-09-21 00:41:14,273 - app.algorithms.monthly_scheduling.scheduling_optimizer - INFO - 时间窗口合并完成: 20 -> 20 个窗口
2025-09-21 00:41:14,273 - app.algorithms.monthly_scheduling.scheduling_optimizer - INFO - 时间窗口合并完成: 20 -> 20 个窗口
2025-09-21 00:41:14,274 - app.algorithms.monthly_scheduling.scheduling_optimizer - INFO - 时间窗口合并完成: 20 -> 20 个窗口
2025-09-21 00:41:14,274 - app.algorithms.monthly_scheduling.scheduling_optimizer - INFO - 时间窗口合并完成: 20 -> 20 个窗口
2025-09-21 00:41:14,274 - app.algorithms.monthly_scheduling.scheduling_optimizer - INFO - 时间窗口合并完成: 20 -> 20 个窗口
2025-09-21 00:41:14,274 - app.algorithms.monthly_scheduling.scheduling_optimizer - INFO - 时间窗口合并完成: 20 -> 20 个窗口
2025-09-21 00:41:14,274 - app.algorithms.monthly_scheduling.scheduling_optimizer - INFO - 时间窗口合并完成: 20 -> 20 个窗口
2025-09-21 00:41:14,274 - app.algorithms.monthly_scheduling.scheduling_optimizer - INFO - 时间窗口合并完成: 20 -> 20 个窗口
2025-09-21 00:41:14,274 - app.algorithms.monthly_scheduling.scheduling_optimizer - INFO - 时间窗口合并完成: 20 -> 20 个窗口
2025-09-21 00:41:14,275 - app.algorithms.monthly_scheduling.scheduling_optimizer - INFO - 时间窗口合并完成: 20 -> 20 个窗口
2025-09-21 00:41:14,275 - app.algorithms.monthly_scheduling.scheduling_optimizer - INFO - 时间窗口合并完成: 20 -> 20 个窗口
2025-09-21 00:41:14,275 - app.algorithms.monthly_scheduling.scheduling_optimizer - INFO - 时间窗口合并完成: 20 -> 20 个窗口
2025-09-21 00:41:14,275 - app.algorithms.monthly_scheduling.scheduling_optimizer - INFO - 时间窗口合并完成: 20 -> 20 个窗口
2025-09-21 00:41:14,275 - app.algorithms.monthly_scheduling.scheduling_optimizer - INFO - 时间窗口合并完成: 20 -> 20 个窗口
2025-09-21 00:41:14,275 - app.algorithms.monthly_scheduling.scheduling_optimizer - INFO - 时间窗口合并完成: 20 -> 20 个窗口
2025-09-21 00:41:14,275 - app.algorithms.monthly_scheduling.scheduling_optimizer - INFO - 时间窗口合并完成: 20 -> 20 个窗口
2025-09-21 00:41:14,276 - app.algorithms.monthly_scheduling.scheduling_optimizer - INFO - 时间窗口合并完成: 20 -> 20 个窗口
2025-09-21 00:41:14,276 - app.algorithms.monthly_scheduling.scheduling_optimizer - INFO - 时间窗口合并完成: 20 -> 20 个窗口
2025-09-21 00:41:14,276 - app.algorithms.monthly_scheduling.scheduling_optimizer - INFO - 时间窗口合并完成: 20 -> 20 个窗口
2025-09-21 00:41:14,276 - app.algorithms.monthly_scheduling.scheduling_optimizer - INFO - 时间窗口合并完成: 20 -> 20 个窗口
2025-09-21 00:41:14,277 - app.algorithms.monthly_scheduling.scheduling_optimizer - INFO - 时间窗口合并完成: 20 -> 20 个窗口
2025-09-21 00:41:14,277 - app.algorithms.monthly_scheduling.scheduling_optimizer - INFO - 时间窗口合并完成: 20 -> 20 个窗口
2025-09-21 00:41:14,277 - app.algorithms.monthly_scheduling.scheduling_optimizer - INFO - 时间窗口合并完成: 20 -> 20 个窗口
2025-09-21 00:41:14,277 - app.algorithms.monthly_scheduling.scheduling_optimizer - WARNING - 产品 利群（新版） 拆分后仍有 12200 箱未分配
2025-09-21 00:41:14,277 - app.algorithms.monthly_scheduling.scheduling_optimizer - ERROR - 产品 利群（新版） 最终调度失败
2025-09-21 00:41:14,277 - app.algorithms.monthly_scheduling.scheduling_optimizer - INFO - 时间窗口合并完成: 20 -> 20 个窗口
2025-09-21 00:41:14,277 - app.algorithms.monthly_scheduling.scheduling_optimizer - INFO - 时间窗口合并完成: 20 -> 20 个窗口
2025-09-21 00:41:14,278 - app.algorithms.monthly_scheduling.scheduling_optimizer - INFO - 时间窗口合并完成: 20 -> 20 个窗口
2025-09-21 00:41:14,278 - app.algorithms.monthly_scheduling.scheduling_optimizer - INFO - 时间窗口合并完成: 20 -> 20 个窗口
2025-09-21 00:41:14,278 - app.algorithms.monthly_scheduling.scheduling_optimizer - INFO - 时间窗口合并完成: 20 -> 20 个窗口
2025-09-21 00:41:14,278 - app.algorithms.monthly_scheduling.scheduling_optimizer - INFO - 时间窗口合并完成: 20 -> 20 个窗口
2025-09-21 00:41:14,278 - app.algorithms.monthly_scheduling.scheduling_optimizer - INFO - 时间窗口合并完成: 20 -> 20 个窗口
2025-09-21 00:41:14,278 - app.algorithms.monthly_scheduling.scheduling_optimizer - INFO - 时间窗口合并完成: 20 -> 20 个窗口
2025-09-21 00:41:14,278 - app.algorithms.monthly_scheduling.scheduling_optimizer - INFO - 时间窗口合并完成: 20 -> 20 个窗口
2025-09-21 00:41:14,279 - app.algorithms.monthly_scheduling.scheduling_optimizer - INFO - 时间窗口合并完成: 20 -> 20 个窗口
2025-09-21 00:41:14,279 - app.algorithms.monthly_scheduling.scheduling_optimizer - INFO - 时间窗口合并完成: 20 -> 20 个窗口
2025-09-21 00:41:14,279 - app.algorithms.monthly_scheduling.scheduling_optimizer - INFO - 时间窗口合并完成: 20 -> 20 个窗口
2025-09-21 00:41:14,279 - app.algorithms.monthly_scheduling.scheduling_optimizer - INFO - 时间窗口合并完成: 20 -> 20 个窗口
2025-09-21 00:41:14,279 - app.algorithms.monthly_scheduling.scheduling_optimizer - INFO - 时间窗口合并完成: 20 -> 20 个窗口
2025-09-21 00:41:14,279 - app.algorithms.monthly_scheduling.scheduling_optimizer - INFO - 时间窗口合并完成: 20 -> 20 个窗口
2025-09-21 00:41:14,279 - app.algorithms.monthly_scheduling.scheduling_optimizer - INFO - 时间窗口合并完成: 20 -> 20 个窗口
2025-09-21 00:41:14,280 - app.algorithms.monthly_scheduling.scheduling_optimizer - INFO - 时间窗口合并完成: 20 -> 20 个窗口
2025-09-21 00:41:14,280 - app.algorithms.monthly_scheduling.scheduling_optimizer - INFO - 时间窗口合并完成: 20 -> 20 个窗口
2025-09-21 00:41:14,280 - app.algorithms.monthly_scheduling.scheduling_optimizer - INFO - 时间窗口合并完成: 20 -> 20 个窗口
2025-09-21 00:41:14,280 - app.algorithms.monthly_scheduling.scheduling_optimizer - INFO - 时间窗口合并完成: 20 -> 20 个窗口
2025-09-21 00:41:14,280 - app.algorithms.monthly_scheduling.scheduling_optimizer - INFO - 时间窗口合并完成: 20 -> 20 个窗口
2025-09-21 00:41:14,280 - app.algorithms.monthly_scheduling.scheduling_optimizer - INFO - 时间窗口合并完成: 20 -> 20 个窗口
2025-09-21 00:41:14,280 - app.algorithms.monthly_scheduling.scheduling_optimizer - INFO - 时间窗口合并完成: 20 -> 20 个窗口
2025-09-21 00:41:14,281 - app.algorithms.monthly_scheduling.scheduling_optimizer - INFO - 时间窗口合并完成: 20 -> 20 个窗口
2025-09-21 00:41:14,281 - app.algorithms.monthly_scheduling.scheduling_optimizer - INFO - 时间窗口合并完成: 20 -> 20 个窗口
2025-09-21 00:41:14,281 - app.algorithms.monthly_scheduling.scheduling_optimizer - INFO - 时间窗口合并完成: 20 -> 20 个窗口
2025-09-21 00:41:14,281 - app.algorithms.monthly_scheduling.scheduling_optimizer - INFO - 时间窗口合并完成: 20 -> 20 个窗口
2025-09-21 00:41:14,281 - app.algorithms.monthly_scheduling.scheduling_optimizer - INFO - 时间窗口合并完成: 20 -> 20 个窗口
2025-09-21 00:41:14,281 - app.algorithms.monthly_scheduling.scheduling_optimizer - INFO - 时间窗口合并完成: 20 -> 20 个窗口
2025-09-21 00:41:14,282 - app.algorithms.monthly_scheduling.scheduling_optimizer - INFO - 时间窗口合并完成: 20 -> 20 个窗口
2025-09-21 00:41:14,282 - app.algorithms.monthly_scheduling.scheduling_optimizer - INFO - 时间窗口合并完成: 20 -> 20 个窗口
2025-09-21 00:41:14,282 - app.algorithms.monthly_scheduling.scheduling_optimizer - INFO - 时间窗口合并完成: 20 -> 20 个窗口
2025-09-21 00:41:14,282 - app.algorithms.monthly_scheduling.scheduling_optimizer - INFO - 时间窗口合并完成: 20 -> 20 个窗口
2025-09-21 00:41:14,282 - app.algorithms.monthly_scheduling.scheduling_optimizer - INFO - 时间窗口合并完成: 20 -> 20 个窗口
2025-09-21 00:41:14,282 - app.algorithms.monthly_scheduling.scheduling_optimizer - INFO - 时间窗口合并完成: 20 -> 20 个窗口
2025-09-21 00:41:14,282 - app.algorithms.monthly_scheduling.scheduling_optimizer - WARNING - 产品 利群(软红长嘴) 拆分后仍有 12000 箱未分配
2025-09-21 00:41:14,282 - app.algorithms.monthly_scheduling.scheduling_optimizer - ERROR - 产品 利群(软红长嘴) 最终调度失败
2025-09-21 00:41:14,283 - app.algorithms.monthly_scheduling.scheduling_optimizer - INFO - 时间窗口合并完成: 20 -> 20 个窗口
2025-09-21 00:41:14,283 - app.algorithms.monthly_scheduling.scheduling_optimizer - INFO - 时间窗口合并完成: 20 -> 20 个窗口
2025-09-21 00:41:14,283 - app.algorithms.monthly_scheduling.scheduling_optimizer - INFO - 时间窗口合并完成: 20 -> 20 个窗口
2025-09-21 00:41:14,283 - app.algorithms.monthly_scheduling.scheduling_optimizer - INFO - 时间窗口合并完成: 20 -> 20 个窗口
2025-09-21 00:41:14,283 - app.algorithms.monthly_scheduling.scheduling_optimizer - INFO - 时间窗口合并完成: 20 -> 20 个窗口
2025-09-21 00:41:14,284 - app.algorithms.monthly_scheduling.scheduling_optimizer - INFO - 时间窗口合并完成: 20 -> 20 个窗口
2025-09-21 00:41:14,284 - app.algorithms.monthly_scheduling.scheduling_optimizer - INFO - 时间窗口合并完成: 20 -> 20 个窗口
2025-09-21 00:41:14,284 - app.algorithms.monthly_scheduling.scheduling_optimizer - INFO - 时间窗口合并完成: 20 -> 20 个窗口
2025-09-21 00:41:14,284 - app.algorithms.monthly_scheduling.scheduling_optimizer - INFO - 时间窗口合并完成: 20 -> 20 个窗口
2025-09-21 00:41:14,284 - app.algorithms.monthly_scheduling.scheduling_optimizer - INFO - 时间窗口合并完成: 20 -> 20 个窗口
2025-09-21 00:41:14,284 - app.algorithms.monthly_scheduling.scheduling_optimizer - INFO - 时间窗口合并完成: 20 -> 20 个窗口
2025-09-21 00:41:14,284 - app.algorithms.monthly_scheduling.scheduling_optimizer - INFO - 时间窗口合并完成: 20 -> 20 个窗口
2025-09-21 00:41:14,284 - app.algorithms.monthly_scheduling.scheduling_optimizer - INFO - 时间窗口合并完成: 20 -> 20 个窗口
2025-09-21 00:41:14,285 - app.algorithms.monthly_scheduling.scheduling_optimizer - INFO - 时间窗口合并完成: 20 -> 20 个窗口
2025-09-21 00:41:14,285 - app.algorithms.monthly_scheduling.scheduling_optimizer - INFO - 时间窗口合并完成: 20 -> 20 个窗口
2025-09-21 00:41:14,285 - app.algorithms.monthly_scheduling.scheduling_optimizer - INFO - 时间窗口合并完成: 20 -> 20 个窗口
2025-09-21 00:41:14,285 - app.algorithms.monthly_scheduling.scheduling_optimizer - INFO - 时间窗口合并完成: 20 -> 20 个窗口
2025-09-21 00:41:14,285 - app.algorithms.monthly_scheduling.scheduling_optimizer - INFO - 时间窗口合并完成: 20 -> 20 个窗口
2025-09-21 00:41:14,285 - app.algorithms.monthly_scheduling.scheduling_optimizer - INFO - 时间窗口合并完成: 20 -> 20 个窗口
2025-09-21 00:41:14,285 - app.algorithms.monthly_scheduling.scheduling_optimizer - INFO - 时间窗口合并完成: 20 -> 20 个窗口
2025-09-21 00:41:14,286 - app.algorithms.monthly_scheduling.scheduling_optimizer - INFO - 时间窗口合并完成: 20 -> 20 个窗口
2025-09-21 00:41:14,286 - app.algorithms.monthly_scheduling.scheduling_optimizer - INFO - 时间窗口合并完成: 20 -> 20 个窗口
2025-09-21 00:41:14,286 - app.algorithms.monthly_scheduling.scheduling_optimizer - INFO - 时间窗口合并完成: 20 -> 20 个窗口
2025-09-21 00:41:14,286 - app.algorithms.monthly_scheduling.scheduling_optimizer - INFO - 时间窗口合并完成: 20 -> 20 个窗口
2025-09-21 00:41:14,286 - app.algorithms.monthly_scheduling.scheduling_optimizer - INFO - 时间窗口合并完成: 20 -> 20 个窗口
2025-09-21 00:41:14,286 - app.algorithms.monthly_scheduling.scheduling_optimizer - INFO - 时间窗口合并完成: 20 -> 20 个窗口
2025-09-21 00:41:14,287 - app.algorithms.monthly_scheduling.scheduling_optimizer - INFO - 时间窗口合并完成: 20 -> 20 个窗口
2025-09-21 00:41:14,287 - app.algorithms.monthly_scheduling.scheduling_optimizer - INFO - 时间窗口合并完成: 20 -> 20 个窗口
2025-09-21 00:41:14,287 - app.algorithms.monthly_scheduling.scheduling_optimizer - INFO - 时间窗口合并完成: 20 -> 20 个窗口
2025-09-21 00:41:14,287 - app.algorithms.monthly_scheduling.scheduling_optimizer - INFO - 时间窗口合并完成: 20 -> 20 个窗口
2025-09-21 00:41:14,287 - app.algorithms.monthly_scheduling.scheduling_optimizer - INFO - 时间窗口合并完成: 20 -> 20 个窗口
2025-09-21 00:41:14,287 - app.algorithms.monthly_scheduling.scheduling_optimizer - INFO - 时间窗口合并完成: 20 -> 20 个窗口
2025-09-21 00:41:14,287 - app.algorithms.monthly_scheduling.scheduling_optimizer - INFO - 时间窗口合并完成: 20 -> 20 个窗口
2025-09-21 00:41:14,288 - app.algorithms.monthly_scheduling.scheduling_optimizer - INFO - 时间窗口合并完成: 20 -> 20 个窗口
2025-09-21 00:41:14,288 - app.algorithms.monthly_scheduling.scheduling_optimizer - INFO - 时间窗口合并完成: 20 -> 20 个窗口
2025-09-21 00:41:14,288 - app.algorithms.monthly_scheduling.scheduling_optimizer - WARNING - 产品 利群(长嘴) 拆分后仍有 9750 箱未分配
2025-09-21 00:41:14,288 - app.algorithms.monthly_scheduling.scheduling_optimizer - ERROR - 产品 利群(长嘴) 最终调度失败
2025-09-21 00:41:14,288 - app.algorithms.monthly_scheduling.scheduling_optimizer - INFO - 时间窗口合并完成: 20 -> 20 个窗口
2025-09-21 00:41:14,288 - app.algorithms.monthly_scheduling.scheduling_optimizer - INFO - 时间窗口合并完成: 20 -> 20 个窗口
2025-09-21 00:41:14,288 - app.algorithms.monthly_scheduling.scheduling_optimizer - INFO - 时间窗口合并完成: 20 -> 20 个窗口
2025-09-21 00:41:14,289 - app.algorithms.monthly_scheduling.scheduling_optimizer - INFO - 时间窗口合并完成: 20 -> 20 个窗口
2025-09-21 00:41:14,289 - app.algorithms.monthly_scheduling.scheduling_optimizer - INFO - 时间窗口合并完成: 20 -> 20 个窗口
2025-09-21 00:41:14,289 - app.algorithms.monthly_scheduling.scheduling_optimizer - INFO - 时间窗口合并完成: 20 -> 20 个窗口
2025-09-21 00:41:14,289 - app.algorithms.monthly_scheduling.scheduling_optimizer - INFO - 时间窗口合并完成: 20 -> 20 个窗口
2025-09-21 00:41:14,289 - app.algorithms.monthly_scheduling.scheduling_optimizer - INFO - 时间窗口合并完成: 20 -> 20 个窗口
2025-09-21 00:41:14,289 - app.algorithms.monthly_scheduling.scheduling_optimizer - INFO - 时间窗口合并完成: 20 -> 20 个窗口
2025-09-21 00:41:14,289 - app.algorithms.monthly_scheduling.scheduling_optimizer - INFO - 时间窗口合并完成: 20 -> 20 个窗口
2025-09-21 00:41:14,289 - app.algorithms.monthly_scheduling.scheduling_optimizer - INFO - 时间窗口合并完成: 20 -> 20 个窗口
2025-09-21 00:41:14,290 - app.algorithms.monthly_scheduling.scheduling_optimizer - INFO - 时间窗口合并完成: 20 -> 20 个窗口
2025-09-21 00:41:14,290 - app.algorithms.monthly_scheduling.scheduling_optimizer - INFO - 时间窗口合并完成: 20 -> 20 个窗口
2025-09-21 00:41:14,290 - app.algorithms.monthly_scheduling.scheduling_optimizer - INFO - 时间窗口合并完成: 20 -> 20 个窗口
2025-09-21 00:41:14,290 - app.algorithms.monthly_scheduling.scheduling_optimizer - INFO - 时间窗口合并完成: 20 -> 20 个窗口
2025-09-21 00:41:14,290 - app.algorithms.monthly_scheduling.scheduling_optimizer - INFO - 时间窗口合并完成: 20 -> 20 个窗口
2025-09-21 00:41:14,290 - app.algorithms.monthly_scheduling.scheduling_optimizer - INFO - 时间窗口合并完成: 20 -> 20 个窗口
2025-09-21 00:41:14,290 - app.algorithms.monthly_scheduling.scheduling_optimizer - INFO - 时间窗口合并完成: 20 -> 20 个窗口
2025-09-21 00:41:14,291 - app.algorithms.monthly_scheduling.scheduling_optimizer - INFO - 时间窗口合并完成: 20 -> 20 个窗口
2025-09-21 00:41:14,291 - app.algorithms.monthly_scheduling.scheduling_optimizer - INFO - 时间窗口合并完成: 20 -> 20 个窗口
2025-09-21 00:41:14,291 - app.algorithms.monthly_scheduling.scheduling_optimizer - INFO - 时间窗口合并完成: 20 -> 20 个窗口
2025-09-21 00:41:14,291 - app.algorithms.monthly_scheduling.scheduling_optimizer - INFO - 时间窗口合并完成: 20 -> 20 个窗口
2025-09-21 00:41:14,291 - app.algorithms.monthly_scheduling.scheduling_optimizer - INFO - 时间窗口合并完成: 20 -> 20 个窗口
2025-09-21 00:41:14,291 - app.algorithms.monthly_scheduling.scheduling_optimizer - INFO - 时间窗口合并完成: 20 -> 20 个窗口
2025-09-21 00:41:14,291 - app.algorithms.monthly_scheduling.scheduling_optimizer - INFO - 时间窗口合并完成: 20 -> 20 个窗口
2025-09-21 00:41:14,291 - app.algorithms.monthly_scheduling.scheduling_optimizer - INFO - 时间窗口合并完成: 20 -> 20 个窗口
2025-09-21 00:41:14,292 - app.algorithms.monthly_scheduling.scheduling_optimizer - INFO - 时间窗口合并完成: 20 -> 20 个窗口
2025-09-21 00:41:14,292 - app.algorithms.monthly_scheduling.scheduling_optimizer - INFO - 时间窗口合并完成: 20 -> 20 个窗口
2025-09-21 00:41:14,292 - app.algorithms.monthly_scheduling.scheduling_optimizer - INFO - 时间窗口合并完成: 20 -> 20 个窗口
2025-09-21 00:41:14,292 - app.algorithms.monthly_scheduling.scheduling_optimizer - INFO - 时间窗口合并完成: 20 -> 20 个窗口
2025-09-21 00:41:14,292 - app.algorithms.monthly_scheduling.scheduling_optimizer - INFO - 时间窗口合并完成: 20 -> 20 个窗口
2025-09-21 00:41:14,293 - app.algorithms.monthly_scheduling.scheduling_optimizer - INFO - 时间窗口合并完成: 20 -> 20 个窗口
2025-09-21 00:41:14,293 - app.algorithms.monthly_scheduling.scheduling_optimizer - INFO - 时间窗口合并完成: 20 -> 20 个窗口
2025-09-21 00:41:14,293 - app.algorithms.monthly_scheduling.scheduling_optimizer - INFO - 时间窗口合并完成: 20 -> 20 个窗口
2025-09-21 00:41:14,293 - app.algorithms.monthly_scheduling.scheduling_optimizer - INFO - 时间窗口合并完成: 20 -> 20 个窗口
2025-09-21 00:41:14,293 - app.algorithms.monthly_scheduling.scheduling_optimizer - WARNING - 产品 雄狮(红老版) 拆分后仍有 5500 箱未分配
2025-09-21 00:41:14,293 - app.algorithms.monthly_scheduling.scheduling_optimizer - ERROR - 产品 雄狮(红老版) 最终调度失败
2025-09-21 00:41:14,294 - app.algorithms.monthly_scheduling.scheduling_optimizer - INFO - 时间窗口合并完成: 20 -> 20 个窗口
2025-09-21 00:41:14,294 - app.algorithms.monthly_scheduling.scheduling_optimizer - INFO - 时间窗口合并完成: 20 -> 20 个窗口
2025-09-21 00:41:14,294 - app.algorithms.monthly_scheduling.scheduling_optimizer - INFO - 时间窗口合并完成: 20 -> 20 个窗口
2025-09-21 00:41:14,294 - app.algorithms.monthly_scheduling.scheduling_optimizer - INFO - 时间窗口合并完成: 20 -> 20 个窗口
2025-09-21 00:41:14,294 - app.algorithms.monthly_scheduling.scheduling_optimizer - INFO - 时间窗口合并完成: 20 -> 20 个窗口
2025-09-21 00:41:14,294 - app.algorithms.monthly_scheduling.scheduling_optimizer - INFO - 时间窗口合并完成: 20 -> 20 个窗口
2025-09-21 00:41:14,294 - app.algorithms.monthly_scheduling.scheduling_optimizer - INFO - 时间窗口合并完成: 20 -> 20 个窗口
2025-09-21 00:41:14,295 - app.algorithms.monthly_scheduling.scheduling_optimizer - INFO - 时间窗口合并完成: 20 -> 20 个窗口
2025-09-21 00:41:14,295 - app.algorithms.monthly_scheduling.scheduling_optimizer - INFO - 时间窗口合并完成: 20 -> 20 个窗口
2025-09-21 00:41:14,295 - app.algorithms.monthly_scheduling.scheduling_optimizer - INFO - 时间窗口合并完成: 20 -> 20 个窗口
2025-09-21 00:41:14,295 - app.algorithms.monthly_scheduling.scheduling_optimizer - INFO - 时间窗口合并完成: 20 -> 20 个窗口
2025-09-21 00:41:14,295 - app.algorithms.monthly_scheduling.scheduling_optimizer - INFO - 时间窗口合并完成: 20 -> 20 个窗口
2025-09-21 00:41:14,295 - app.algorithms.monthly_scheduling.scheduling_optimizer - INFO - 时间窗口合并完成: 20 -> 20 个窗口
2025-09-21 00:41:14,295 - app.algorithms.monthly_scheduling.scheduling_optimizer - INFO - 时间窗口合并完成: 20 -> 20 个窗口
2025-09-21 00:41:14,295 - app.algorithms.monthly_scheduling.scheduling_optimizer - INFO - 时间窗口合并完成: 20 -> 20 个窗口
2025-09-21 00:41:14,296 - app.algorithms.monthly_scheduling.scheduling_optimizer - INFO - 时间窗口合并完成: 20 -> 20 个窗口
2025-09-21 00:41:14,296 - app.algorithms.monthly_scheduling.scheduling_optimizer - INFO - 时间窗口合并完成: 20 -> 20 个窗口
2025-09-21 00:41:14,296 - app.algorithms.monthly_scheduling.scheduling_optimizer - INFO - 时间窗口合并完成: 20 -> 20 个窗口
2025-09-21 00:41:14,296 - app.algorithms.monthly_scheduling.scheduling_optimizer - INFO - 时间窗口合并完成: 20 -> 20 个窗口
2025-09-21 00:41:14,296 - app.algorithms.monthly_scheduling.scheduling_optimizer - INFO - 时间窗口合并完成: 20 -> 20 个窗口
2025-09-21 00:41:14,296 - app.algorithms.monthly_scheduling.scheduling_optimizer - INFO - 时间窗口合并完成: 20 -> 20 个窗口
2025-09-21 00:41:14,296 - app.algorithms.monthly_scheduling.scheduling_optimizer - INFO - 时间窗口合并完成: 20 -> 20 个窗口
2025-09-21 00:41:14,296 - app.algorithms.monthly_scheduling.scheduling_optimizer - INFO - 时间窗口合并完成: 20 -> 20 个窗口
2025-09-21 00:41:14,297 - app.algorithms.monthly_scheduling.scheduling_optimizer - INFO - 时间窗口合并完成: 20 -> 20 个窗口
2025-09-21 00:41:14,297 - app.algorithms.monthly_scheduling.scheduling_optimizer - INFO - 时间窗口合并完成: 20 -> 20 个窗口
2025-09-21 00:41:14,297 - app.algorithms.monthly_scheduling.scheduling_optimizer - INFO - 时间窗口合并完成: 20 -> 20 个窗口
2025-09-21 00:41:14,297 - app.algorithms.monthly_scheduling.scheduling_optimizer - INFO - 时间窗口合并完成: 20 -> 20 个窗口
2025-09-21 00:41:14,297 - app.algorithms.monthly_scheduling.scheduling_optimizer - INFO - 时间窗口合并完成: 20 -> 20 个窗口
2025-09-21 00:41:14,297 - app.algorithms.monthly_scheduling.scheduling_optimizer - INFO - 时间窗口合并完成: 20 -> 20 个窗口
2025-09-21 00:41:14,297 - app.algorithms.monthly_scheduling.scheduling_optimizer - INFO - 时间窗口合并完成: 20 -> 20 个窗口
2025-09-21 00:41:14,298 - app.algorithms.monthly_scheduling.scheduling_optimizer - INFO - 时间窗口合并完成: 20 -> 20 个窗口
2025-09-21 00:41:14,298 - app.algorithms.monthly_scheduling.scheduling_optimizer - INFO - 时间窗口合并完成: 20 -> 20 个窗口
2025-09-21 00:41:14,298 - app.algorithms.monthly_scheduling.scheduling_optimizer - INFO - 时间窗口合并完成: 20 -> 20 个窗口
2025-09-21 00:41:14,298 - app.algorithms.monthly_scheduling.scheduling_optimizer - INFO - 时间窗口合并完成: 20 -> 20 个窗口
2025-09-21 00:41:14,298 - app.algorithms.monthly_scheduling.scheduling_optimizer - INFO - 时间窗口合并完成: 20 -> 20 个窗口
2025-09-21 00:41:14,298 - app.algorithms.monthly_scheduling.scheduling_optimizer - WARNING - 产品 利群(阳光) 拆分后仍有 4700 箱未分配
2025-09-21 00:41:14,298 - app.algorithms.monthly_scheduling.scheduling_optimizer - ERROR - 产品 利群(阳光) 最终调度失败
2025-09-21 00:41:14,298 - app.algorithms.monthly_scheduling.scheduling_optimizer - INFO - 时间窗口合并完成: 20 -> 20 个窗口
2025-09-21 00:41:14,299 - app.algorithms.monthly_scheduling.scheduling_optimizer - INFO - 时间窗口合并完成: 20 -> 20 个窗口
2025-09-21 00:41:14,299 - app.algorithms.monthly_scheduling.scheduling_optimizer - INFO - 时间窗口合并完成: 20 -> 20 个窗口
2025-09-21 00:41:14,299 - app.algorithms.monthly_scheduling.scheduling_optimizer - INFO - 时间窗口合并完成: 20 -> 20 个窗口
2025-09-21 00:41:14,299 - app.algorithms.monthly_scheduling.scheduling_optimizer - INFO - 时间窗口合并完成: 20 -> 20 个窗口
2025-09-21 00:41:14,299 - app.algorithms.monthly_scheduling.scheduling_optimizer - INFO - 时间窗口合并完成: 20 -> 20 个窗口
2025-09-21 00:41:14,299 - app.algorithms.monthly_scheduling.scheduling_optimizer - INFO - 时间窗口合并完成: 20 -> 20 个窗口
2025-09-21 00:41:14,299 - app.algorithms.monthly_scheduling.scheduling_optimizer - INFO - 时间窗口合并完成: 20 -> 20 个窗口
2025-09-21 00:41:14,300 - app.algorithms.monthly_scheduling.scheduling_optimizer - INFO - 时间窗口合并完成: 20 -> 20 个窗口
2025-09-21 00:41:14,300 - app.algorithms.monthly_scheduling.scheduling_optimizer - INFO - 时间窗口合并完成: 20 -> 20 个窗口
2025-09-21 00:41:14,300 - app.algorithms.monthly_scheduling.scheduling_optimizer - INFO - 时间窗口合并完成: 20 -> 20 个窗口
2025-09-21 00:41:14,300 - app.algorithms.monthly_scheduling.scheduling_optimizer - INFO - 时间窗口合并完成: 20 -> 20 个窗口
2025-09-21 00:41:14,300 - app.algorithms.monthly_scheduling.scheduling_optimizer - INFO - 时间窗口合并完成: 20 -> 20 个窗口
2025-09-21 00:41:14,300 - app.algorithms.monthly_scheduling.scheduling_optimizer - INFO - 时间窗口合并完成: 20 -> 20 个窗口
2025-09-21 00:41:14,300 - app.algorithms.monthly_scheduling.scheduling_optimizer - INFO - 时间窗口合并完成: 20 -> 20 个窗口
2025-09-21 00:41:14,301 - app.algorithms.monthly_scheduling.scheduling_optimizer - INFO - 时间窗口合并完成: 20 -> 20 个窗口
2025-09-21 00:41:14,301 - app.algorithms.monthly_scheduling.scheduling_optimizer - INFO - 时间窗口合并完成: 20 -> 20 个窗口
2025-09-21 00:41:14,301 - app.algorithms.monthly_scheduling.scheduling_optimizer - INFO - 时间窗口合并完成: 20 -> 20 个窗口
2025-09-21 00:41:14,301 - app.algorithms.monthly_scheduling.scheduling_optimizer - INFO - 时间窗口合并完成: 20 -> 20 个窗口
2025-09-21 00:41:14,301 - app.algorithms.monthly_scheduling.scheduling_optimizer - INFO - 时间窗口合并完成: 20 -> 20 个窗口
2025-09-21 00:41:14,301 - app.algorithms.monthly_scheduling.scheduling_optimizer - INFO - 时间窗口合并完成: 20 -> 20 个窗口
2025-09-21 00:41:14,301 - app.algorithms.monthly_scheduling.scheduling_optimizer - INFO - 时间窗口合并完成: 20 -> 20 个窗口
2025-09-21 00:41:14,301 - app.algorithms.monthly_scheduling.scheduling_optimizer - INFO - 时间窗口合并完成: 20 -> 20 个窗口
2025-09-21 00:41:14,302 - app.algorithms.monthly_scheduling.scheduling_optimizer - INFO - 时间窗口合并完成: 20 -> 20 个窗口
2025-09-21 00:41:14,302 - app.algorithms.monthly_scheduling.scheduling_optimizer - INFO - 时间窗口合并完成: 20 -> 20 个窗口
2025-09-21 00:41:14,302 - app.algorithms.monthly_scheduling.scheduling_optimizer - INFO - 时间窗口合并完成: 20 -> 20 个窗口
2025-09-21 00:41:14,302 - app.algorithms.monthly_scheduling.scheduling_optimizer - INFO - 时间窗口合并完成: 20 -> 20 个窗口
2025-09-21 00:41:14,302 - app.algorithms.monthly_scheduling.scheduling_optimizer - INFO - 时间窗口合并完成: 20 -> 20 个窗口
2025-09-21 00:41:14,302 - app.algorithms.monthly_scheduling.scheduling_optimizer - INFO - 时间窗口合并完成: 20 -> 20 个窗口
2025-09-21 00:41:14,303 - app.algorithms.monthly_scheduling.scheduling_optimizer - INFO - 时间窗口合并完成: 20 -> 20 个窗口
2025-09-21 00:41:14,303 - app.algorithms.monthly_scheduling.scheduling_optimizer - INFO - 时间窗口合并完成: 20 -> 20 个窗口
2025-09-21 00:41:14,303 - app.algorithms.monthly_scheduling.scheduling_optimizer - INFO - 时间窗口合并完成: 20 -> 20 个窗口
2025-09-21 00:41:14,303 - app.algorithms.monthly_scheduling.scheduling_optimizer - INFO - 时间窗口合并完成: 20 -> 20 个窗口
2025-09-21 00:41:14,303 - app.algorithms.monthly_scheduling.scheduling_optimizer - INFO - 时间窗口合并完成: 20 -> 20 个窗口
2025-09-21 00:41:14,303 - app.algorithms.monthly_scheduling.scheduling_optimizer - INFO - 时间窗口合并完成: 20 -> 20 个窗口
2025-09-21 00:41:14,303 - app.algorithms.monthly_scheduling.scheduling_optimizer - WARNING - 产品 利群(西子阳光) 拆分后仍有 3400 箱未分配
2025-09-21 00:41:14,303 - app.algorithms.monthly_scheduling.scheduling_optimizer - ERROR - 产品 利群(西子阳光) 最终调度失败
2025-09-21 00:41:14,304 - app.algorithms.monthly_scheduling.scheduling_optimizer - INFO - 调度覆盖性验证: 覆盖率 1.8%, 完全覆盖 8 个产品, 缺失 8 个产品
2025-09-21 00:41:14,304 - app.algorithms.monthly_scheduling.scheduling_optimizer - INFO - 调度优化完成: 成功调度 18 个产品
2025-09-21 00:41:14,304 - app.algorithms.monthly_scheduling.scheduling_optimizer - INFO - 时间重叠验证通过：所有机台时间窗口无重叠
2025-09-21 00:41:14,304 - app.algorithms.monthly_scheduling.scheduling_optimizer - INFO - 调度覆盖性验证: 覆盖率 1.8%, 完全覆盖 8 个产品, 缺失 8 个产品
2025-09-21 00:41:14,304 - app.algorithms.monthly_scheduling.monthly_scheduling_engine - INFO - Phase 4 完成: 成功调度 18 个产品, 未分配 8 个, 零重叠验证: 通过
2025-09-21 00:41:14,304 - app.algorithms.monthly_scheduling.monthly_scheduling_engine - INFO - [66.7%] PHASE_4_OPTIMIZATION: 调度优化完成
2025-09-21 00:41:14,487 - app.algorithms.monthly_scheduling.monthly_scheduling_engine - INFO - === Phase 5: 约束验证阶段 ===
2025-09-21 00:41:14,487 - app.algorithms.monthly_scheduling.monthly_scheduling_engine - INFO - [66.7%] PHASE_5_VALIDATION: 开始约束验证
2025-09-21 00:41:14,678 - app.algorithms.monthly_scheduling.constraint_validator - INFO - 开始执行约束验证
2025-09-21 00:41:14,679 - app.algorithms.monthly_scheduling.constraint_validator - INFO - 约束验证完成: 失败, 严重错误 10 个, 警告 18 个
2025-09-21 00:41:14,679 - app.algorithms.monthly_scheduling.monthly_scheduling_engine - ERROR - Phase 5 失败: 约束验证失败: 发现 10 个严重违规
2025-09-21 00:41:14,679 - app.algorithms.monthly_scheduling.monthly_scheduling_engine - ERROR - 算法执行失败: 约束验证失败: 发现 10 个严重违规
2025-09-21 00:41:14,679 - app.algorithms.monthly_scheduling.monthly_scheduling_engine - ERROR - 月度排产算法执行失败: 约束验证失败: 发现 10 个严重违规
INFO:     10.0.0.87:52857 - "GET /api/v1/monthly-scheduling/tasks?page=1&page_size=5 HTTP/1.1" 200 OK
INFO:     10.0.0.87:52858 - "GET /api/v1/monthly-data/imports?page=1&page_size=10&status=COMPLETED HTTP/1.1" 200 OK
INFO:     10.0.0.87:52858 - "GET /api/v1/monthly-scheduling/tasks?monthly_batch_id=MONTHLY_20250919_200606_AE17&page=1&page_size=1 HTTP/1.1" 200 OK
